School Year,Type of School,Demographic Category,Demographic,Students,Percent,Year
2011-12,Choice/Success,Ethnicity,Hispanic,1007,25.40,01/01/2011 12:00:00 AM
1979-80,Elementary,English Primary Language,English Primary Language,21942,97.60,01/01/1979 12:00:00 AM
2015-16,Choice/Success,Ethnicity,Asian,156,1.90,01/01/2015 12:00:00 AM
1979-80,Elementary,Ethnicity,African American,279,1.40,01/01/1979 12:00:00 AM
1979-80,Elementary,Ethnicity,Asian,190,1.00,01/01/1979 12:00:00 AM
1979-80,Elementary,Ethnicity,Hispanic,1835,9.50,01/01/1979 12:00:00 AM
1979-80,Elementary,Ethnicity,Native American,433,2.20,01/01/1979 12:00:00 AM
1979-80,Elementary,Ethnicity,White,16632,85.90,01/01/1979 12:00:00 AM
1979-80,Elementary,Free or Reduced Lunch,Free or Reduced Lunch,,,01/01/1979 12:00:00 AM
1979-80,Elementary,One Parent Families,One Parent Families,3272,14.60,01/01/1979 12:00:00 AM
1979-80,Elementary,Single Family Home,Single Family Home,18208,82.60,01/01/1979 12:00:00 AM
1979-80,High School,English Primary Language,English Primary Language,7486,98.90,01/01/1979 12:00:00 AM
1979-80,High School,Ethnicity,African American,116,1.50,01/01/1979 12:00:00 AM
1979-80,High School,Ethnicity,Asian,68,0.90,01/01/1979 12:00:00 AM
1979-80,High School,Ethnicity,Hispanic,567,7.50,01/01/1979 12:00:00 AM
1979-80,High School,Ethnicity,Native American,182,2.40,01/01/1979 12:00:00 AM
1979-80,High School,Ethnicity,White,6636,87.70,01/01/1979 12:00:00 AM
1979-80,High School,Free or Reduced Lunch,Free or Reduced Lunch,,,01/01/1979 12:00:00 AM
1979-80,High School,One Parent Families,One Parent Families,1232,16.30,01/01/1979 12:00:00 AM
1979-80,High School,Single Family Home,Single Family Home,6469,85.50,01/01/1979 12:00:00 AM
1979-80,Junior High School,English Primary Language,English Primary Language,8405,96.30,01/01/1979 12:00:00 AM
1979-80,Junior High School,Ethnicity,African American,116,1.30,01/01/1979 12:00:00 AM
1979-80,Junior High School,Ethnicity,Asian,74,0.80,01/01/1979 12:00:00 AM
1979-80,Junior High School,Ethnicity,Hispanic,758,8.70,01/01/1979 12:00:00 AM
1979-80,Junior High School,Ethnicity,Native American,319,3.70,01/01/1979 12:00:00 AM
1979-80,Junior High School,Ethnicity,White,7459,85.50,01/01/1979 12:00:00 AM
1979-80,Junior High School,Free or Reduced Lunch,Free or Reduced Lunch,,,01/01/1979 12:00:00 AM
1979-80,Junior High School,One Parent Families,One Parent Families,1234,14.10,01/01/1979 12:00:00 AM
1979-80,Junior High School,Single Family Home,Single Family Home,7272,83.30,01/01/1979 12:00:00 AM
1984-85,Elementary,English Primary Language,English Primary Language,28732,97.20,01/01/1984 12:00:00 AM
1984-85,Elementary,Ethnicity,African American,430,1.70,01/01/1984 12:00:00 AM
1984-85,Elementary,Ethnicity,Asian,328,1.30,01/01/1984 12:00:00 AM
1984-85,Elementary,Ethnicity,Hispanic,2575,10.40,01/01/1984 12:00:00 AM
1984-85,Elementary,Ethnicity,Native American,512,2.10,01/01/1984 12:00:00 AM
1984-85,Elementary,Ethnicity,White,20869,84.40,01/01/1984 12:00:00 AM
1984-85,Elementary,Free or Reduced Lunch,Free or Reduced Lunch,,,01/01/1984 12:00:00 AM
1984-85,Elementary,One Parent Families,One Parent Families,4664,15.80,01/01/1984 12:00:00 AM
1984-85,Elementary,Single Family Home,Single Family Home,23409,80.70,01/01/1984 12:00:00 AM
1984-85,High School,English Primary Language,English Primary Language,10936,97.20,01/01/1984 12:00:00 AM
1984-85,High School,Ethnicity,African American,178,1.60,01/01/1984 12:00:00 AM
1984-85,High School,Ethnicity,Asian,149,1.30,01/01/1984 12:00:00 AM
1984-85,High School,Ethnicity,Hispanic,898,8.00,01/01/1984 12:00:00 AM
1984-85,High School,Ethnicity,Native American,243,2.20,01/01/1984 12:00:00 AM
1984-85,High School,Ethnicity,White,9779,86.90,01/01/1984 12:00:00 AM
1984-85,High School,Free or Reduced Lunch,Free or Reduced Lunch,,,01/01/1984 12:00:00 AM
1984-85,High School,One Parent Families,One Parent Families,2268,20.20,01/01/1984 12:00:00 AM
1984-85,High School,Single Family Home,Single Family Home,9406,83.60,01/01/1984 12:00:00 AM
1984-85,Junior High School,English Primary Language,English Primary Language,10739,97.50,01/01/1984 12:00:00 AM
1984-85,Junior High School,Ethnicity,African American,180,1.60,01/01/1984 12:00:00 AM
1984-85,Junior High School,Ethnicity,Asian,119,1.10,01/01/1984 12:00:00 AM
1984-85,Junior High School,Ethnicity,Hispanic,998,9.10,01/01/1984 12:00:00 AM
1984-85,Junior High School,Ethnicity,Native American,291,2.60,01/01/1984 12:00:00 AM
1984-85,Junior High School,Ethnicity,White,9431,85.60,01/01/1984 12:00:00 AM
1984-85,Junior High School,Free or Reduced Lunch,Free or Reduced Lunch,,,01/01/1984 12:00:00 AM
1984-85,Junior High School,One Parent Families,One Parent Families,2164,19.60,01/01/1984 12:00:00 AM
1984-85,Junior High School,Single Family Home,Single Family Home,8907,80.80,01/01/1984 12:00:00 AM
1989-90,Elementary,English Primary Language,English Primary Language,37840,95.40,01/01/1989 12:00:00 AM
1989-90,Elementary,Ethnicity,African American,663,2.00,01/01/1989 12:00:00 AM
1989-90,Elementary,Ethnicity,Asian,501,1.50,01/01/1989 12:00:00 AM
1989-90,Elementary,Ethnicity,Hispanic,3813,11.30,01/01/1989 12:00:00 AM
1989-90,Elementary,Ethnicity,Native American,896,2.70,01/01/1989 12:00:00 AM
1989-90,Elementary,Ethnicity,White,27744,82.50,01/01/1989 12:00:00 AM
1989-90,Elementary,Free or Reduced Lunch,Free or Reduced Lunch,,,01/01/1989 12:00:00 AM
1989-90,Elementary,One Parent Families,One Parent Families,7353,18.50,01/01/1989 12:00:00 AM
1989-90,Elementary,Single Family Home,Single Family Home,29958,77.60,01/01/1989 12:00:00 AM
1989-90,High School,English Primary Language,English Primary Language,12039,95.60,01/01/1989 12:00:00 AM
1989-90,High School,Ethnicity,African American,269,2.10,01/01/1989 12:00:00 AM
1989-90,High School,Ethnicity,Asian,246,2.00,01/01/1989 12:00:00 AM
1989-90,High School,Ethnicity,Hispanic,1228,9.70,01/01/1989 12:00:00 AM
1989-90,High School,Ethnicity,Native American,234,1.90,01/01/1989 12:00:00 AM
1989-90,High School,Ethnicity,White,10620,84.30,01/01/1989 12:00:00 AM
1989-90,High School,Free or Reduced Lunch,Free or Reduced Lunch,,,01/01/1989 12:00:00 AM
1989-90,High School,One Parent Families,One Parent Families,2884,22.90,01/01/1989 12:00:00 AM
1989-90,High School,Single Family Home,Single Family Home,9974,79.20,01/01/1989 12:00:00 AM
1989-90,Junior High School,English Primary Language,English Primary Language,13618,96.10,01/01/1989 12:00:00 AM
1989-90,Junior High School,Ethnicity,African American,265,1.90,01/01/1989 12:00:00 AM
1989-90,Junior High School,Ethnicity,Asian,202,1.40,01/01/1989 12:00:00 AM
1989-90,Junior High School,Ethnicity,Hispanic,1513,10.70,01/01/1989 12:00:00 AM
1989-90,Junior High School,Ethnicity,Native American,290,2.00,01/01/1989 12:00:00 AM
1989-90,Junior High School,Ethnicity,White,11903,84.00,01/01/1989 12:00:00 AM
1989-90,Junior High School,Free or Reduced Lunch,Free or Reduced Lunch,,,01/01/1989 12:00:00 AM
1989-90,Junior High School,One Parent Families,One Parent Families,2941,20.80,01/01/1989 12:00:00 AM
1989-90,Junior High School,Single Family Home,Single Family Home,11200,79.00,01/01/1989 12:00:00 AM
1990-91,Elementary,English Primary Language,English Primary Language,38315,95.00,01/01/1990 12:00:00 AM
1990-91,Elementary,Ethnicity,African American,833,2.10,01/01/1990 12:00:00 AM
1990-91,Elementary,Ethnicity,Asian,612,1.50,01/01/1990 12:00:00 AM
1990-91,Elementary,Ethnicity,Hispanic,4809,12.00,01/01/1990 12:00:00 AM
1990-91,Elementary,Ethnicity,Native American,1144,2.90,01/01/1990 12:00:00 AM
1990-91,Elementary,Ethnicity,White,32654,81.60,01/01/1990 12:00:00 AM
1990-91,Elementary,Free or Reduced Lunch,Free or Reduced Lunch,,30.00,01/01/1990 12:00:00 AM
1990-91,Elementary,One Parent Families,One Parent Families,8019,19.90,01/01/1990 12:00:00 AM
1990-91,Elementary,Single Family Home,Single Family Home,30200,76.80,01/01/1990 12:00:00 AM
1995-96,Elementary,Ethnicity,Hispanic,8335,17.80,01/01/1995 12:00:00 AM
1991-92,Elementary,English Primary Language,English Primary Language,41119,94.50,01/01/1991 12:00:00 AM
1991-92,Elementary,Ethnicity,African American,951,2.20,01/01/1991 12:00:00 AM
1991-92,Elementary,Ethnicity,Asian,626,1.40,01/01/1991 12:00:00 AM
1991-92,Elementary,Ethnicity,Hispanic,5446,12.50,01/01/1991 12:00:00 AM
1991-92,Elementary,Ethnicity,Native American,1254,2.90,01/01/1991 12:00:00 AM
1991-92,Elementary,Ethnicity,White,34395,79.10,01/01/1991 12:00:00 AM
1991-92,Elementary,Free or Reduced Lunch,Free or Reduced Lunch,,33.60,01/01/1991 12:00:00 AM
1991-92,Elementary,One Parent Families,One Parent Families,,,01/01/1991 12:00:00 AM
1991-92,Elementary,Single Family Home,Single Family Home,30450,70.00,01/01/1991 12:00:00 AM
1992-93,Elementary,English Primary Language,English Primary Language,43082,95.10,01/01/1992 12:00:00 AM
1992-93,Elementary,Ethnicity,African American,1042,2.30,01/01/1992 12:00:00 AM
1992-93,Elementary,Ethnicity,Asian,680,1.50,01/01/1992 12:00:00 AM
1992-93,Elementary,Ethnicity,Hispanic,6116,13.50,01/01/1992 12:00:00 AM
1992-93,Elementary,Ethnicity,Native American,1404,3.10,01/01/1992 12:00:00 AM
1992-93,Elementary,Ethnicity,White,35426,78.20,01/01/1992 12:00:00 AM
1992-93,Elementary,Free or Reduced Lunch,Free or Reduced Lunch,,38.90,01/01/1992 12:00:00 AM
1992-93,Elementary,One Parent Families,One Parent Families,6342,14.00,01/01/1992 12:00:00 AM
1992-93,Elementary,Single Family Home,Single Family Home,31213,68.90,01/01/1992 12:00:00 AM
1993-94,Elementary,English Primary Language,English Primary Language,43315,94.30,01/01/1993 12:00:00 AM
1993-94,Elementary,Ethnicity,African American,1337,2.90,01/01/1993 12:00:00 AM
1993-94,Elementary,Ethnicity,Asian,656,1.40,01/01/1993 12:00:00 AM
1993-94,Elementary,Ethnicity,Hispanic,6937,15.10,01/01/1993 12:00:00 AM
1993-94,Elementary,Ethnicity,Native American,1534,3.30,01/01/1993 12:00:00 AM
1993-94,Elementary,Ethnicity,White,35437,77.20,01/01/1993 12:00:00 AM
1993-94,Elementary,Free or Reduced Lunch,Free or Reduced Lunch,,42.30,01/01/1993 12:00:00 AM
1993-94,Elementary,One Parent Families,One Parent Families,10030,21.80,01/01/1993 12:00:00 AM
1993-94,Elementary,Single Family Home,Single Family Home,33458,72.90,01/01/1993 12:00:00 AM
1994-95,Elementary,English Primary Language,English Primary Language,44079,93.90,01/01/1994 12:00:00 AM
1994-95,Elementary,Ethnicity,African American,1370,2.90,01/01/1994 12:00:00 AM
1994-95,Elementary,Ethnicity,Asian,661,1.40,01/01/1994 12:00:00 AM
1994-95,Elementary,Ethnicity,Hispanic,7320,15.50,01/01/1994 12:00:00 AM
1994-95,Elementary,Ethnicity,Native American,1653,3.50,01/01/1994 12:00:00 AM
1994-95,Elementary,Ethnicity,White,35939,76.10,01/01/1994 12:00:00 AM
1994-95,Elementary,Free or Reduced Lunch,Free or Reduced Lunch,,36.30,01/01/1994 12:00:00 AM
1994-95,Elementary,One Parent Families,One Parent Families,10093,21.50,01/01/1994 12:00:00 AM
1994-95,Elementary,Single Family Home,Single Family Home,34221,72.90,01/01/1994 12:00:00 AM
1994-95,High School,English Primary Language,English Primary Language,14638,94.40,01/01/1994 12:00:00 AM
1994-95,High School,Ethnicity,African American,420,2.70,01/01/1994 12:00:00 AM
1994-95,High School,Ethnicity,Asian,324,2.10,01/01/1994 12:00:00 AM
1994-95,High School,Ethnicity,Hispanic,2090,13.50,01/01/1994 12:00:00 AM
1994-95,High School,Ethnicity,Native American,392,2.50,01/01/1994 12:00:00 AM
1994-95,High School,Ethnicity,White,12272,79.20,01/01/1994 12:00:00 AM
1994-95,High School,Free or Reduced Lunch,Free or Reduced Lunch,,,01/01/1994 12:00:00 AM
1994-95,High School,One Parent Families,One Parent Families,3571,23.00,01/01/1994 12:00:00 AM
1994-95,High School,Single Family Home,Single Family Home,12545,80.90,01/01/1994 12:00:00 AM
1994-95,Junior High School,English Primary Language,English Primary Language,19286,94.20,01/01/1994 12:00:00 AM
1994-95,Junior High School,Ethnicity,African American,574,2.80,01/01/1994 12:00:00 AM
1994-95,Junior High School,Ethnicity,Asian,362,1.80,01/01/1994 12:00:00 AM
1994-95,Junior High School,Ethnicity,Hispanic,2991,14.60,01/01/1994 12:00:00 AM
1994-95,Junior High School,Ethnicity,Native American,664,3.20,01/01/1994 12:00:00 AM
1994-95,Junior High School,Ethnicity,White,15868,77.50,01/01/1994 12:00:00 AM
1994-95,Junior High School,Free or Reduced Lunch,Free or Reduced Lunch,,,01/01/1994 12:00:00 AM
1994-95,Junior High School,One Parent Families,One Parent Families,4684,22.90,01/01/1994 12:00:00 AM
1994-95,Junior High School,Single Family Home,Single Family Home,15677,76.60,01/01/1994 12:00:00 AM
1995-96,Elementary,English Primary Language,English Primary Language,43090,91.80,01/01/1995 12:00:00 AM
1995-96,Elementary,Ethnicity,African American,1522,3.20,01/01/1995 12:00:00 AM
1995-96,Elementary,Ethnicity,Asian,715,1.50,01/01/1995 12:00:00 AM
1995-96,Elementary,Ethnicity,Native American,1716,3.70,01/01/1995 12:00:00 AM
1995-96,Elementary,Ethnicity,White,34634,73.80,01/01/1995 12:00:00 AM
1995-96,Elementary,Free or Reduced Lunch,Free or Reduced Lunch,,36.30,01/01/1995 12:00:00 AM
1995-96,Elementary,One Parent Families,One Parent Families,10723,22.80,01/01/1995 12:00:00 AM
1995-96,Elementary,Single Family Home,Single Family Home,33691,71.80,01/01/1995 12:00:00 AM
1995-96,High School,English Primary Language,English Primary Language,14608,93.50,01/01/1995 12:00:00 AM
1995-96,High School,Ethnicity,African American,423,2.70,01/01/1995 12:00:00 AM
1995-96,High School,Ethnicity,Asian,317,2.00,01/01/1995 12:00:00 AM
1995-96,High School,Ethnicity,Hispanic,2293,14.70,01/01/1995 12:00:00 AM
1995-96,High School,Ethnicity,Native American,384,2.50,01/01/1995 12:00:00 AM
1995-96,High School,Ethnicity,White,12181,78.00,01/01/1995 12:00:00 AM
1995-96,High School,Free or Reduced Lunch,Free or Reduced Lunch,,,01/01/1995 12:00:00 AM
1995-96,High School,One Parent Families,One Parent Families,3480,22.30,01/01/1995 12:00:00 AM
1995-96,High School,Single Family Home,Single Family Home,12611,80.70,01/01/1995 12:00:00 AM
1995-96,Junior High School,English Primary Language,English Primary Language,18651,93.10,01/01/1995 12:00:00 AM
1995-96,Junior High School,Ethnicity,African American,641,3.20,01/01/1995 12:00:00 AM
1995-96,Junior High School,Ethnicity,Asian,362,1.80,01/01/1995 12:00:00 AM
1995-96,Junior High School,Ethnicity,Hispanic,3204,16.00,01/01/1995 12:00:00 AM
1995-96,Junior High School,Ethnicity,Native American,622,3.10,01/01/1995 12:00:00 AM
1995-96,Junior High School,Ethnicity,White,15186,75.80,01/01/1995 12:00:00 AM
1995-96,Junior High School,Free or Reduced Lunch,Free or Reduced Lunch,,,01/01/1995 12:00:00 AM
1995-96,Junior High School,One Parent Families,One Parent Families,4603,23.00,01/01/1995 12:00:00 AM
1995-96,Junior High School,Single Family Home,Single Family Home,15200,75.90,01/01/1995 12:00:00 AM
1996-97,Elementary,English Primary Language,English Primary Language,42893,90.50,01/01/1996 12:00:00 AM
1996-97,Elementary,Ethnicity,African American,1686,3.60,01/01/1996 12:00:00 AM
1996-97,Elementary,Ethnicity,Asian,785,1.70,01/01/1996 12:00:00 AM
1996-97,Elementary,Ethnicity,Hispanic,8993,19.00,01/01/1996 12:00:00 AM
1996-97,Elementary,Ethnicity,Native American,1770,3.70,01/01/1996 12:00:00 AM
1996-97,Elementary,Ethnicity,White,34127,72.00,01/01/1996 12:00:00 AM
1996-97,Elementary,Free or Reduced Lunch,Free or Reduced Lunch,,38.40,01/01/1996 12:00:00 AM
1996-97,Elementary,One Parent Families,One Parent Families,10907,23.00,01/01/1996 12:00:00 AM
1996-97,Elementary,Single Family Home,Single Family Home,33509,70.70,01/01/1996 12:00:00 AM
1996-97,High School,English Primary Language,English Primary Language,14614,93.00,01/01/1996 12:00:00 AM
1996-97,High School,Ethnicity,African American,448,2.90,01/01/1996 12:00:00 AM
1996-97,High School,Ethnicity,Asian,339,2.20,01/01/1996 12:00:00 AM
1996-97,High School,Ethnicity,Hispanic,2297,14.60,01/01/1996 12:00:00 AM
1996-97,High School,Ethnicity,Native American,342,2.20,01/01/1996 12:00:00 AM
1996-97,High School,Ethnicity,White,12275,78.20,01/01/1996 12:00:00 AM
1996-97,High School,Free or Reduced Lunch,Free or Reduced Lunch,,,01/01/1996 12:00:00 AM
1996-97,High School,One Parent Families,One Parent Families,3656,23.30,01/01/1996 12:00:00 AM
1996-97,High School,Single Family Home,Single Family Home,12715,81.00,01/01/1996 12:00:00 AM
1996-97,Junior High School,English Primary Language,English Primary Language,17972,92.70,01/01/1996 12:00:00 AM
1996-97,Junior High School,Ethnicity,African American,643,3.30,01/01/1996 12:00:00 AM
1996-97,Junior High School,Ethnicity,Asian,360,1.90,01/01/1996 12:00:00 AM
1996-97,Junior High School,Ethnicity,Hispanic,3245,16.70,01/01/1996 12:00:00 AM
1996-97,Junior High School,Ethnicity,Native American,663,3.40,01/01/1996 12:00:00 AM
1996-97,Junior High School,Ethnicity,White,14465,74.60,01/01/1996 12:00:00 AM
1996-97,Junior High School,Free or Reduced Lunch,Free or Reduced Lunch,,,01/01/1996 12:00:00 AM
1996-97,Junior High School,One Parent Families,One Parent Families,4510,23.30,01/01/1996 12:00:00 AM
1996-97,Junior High School,Single Family Home,Single Family Home,14758,76.10,01/01/1996 12:00:00 AM
1997-98,Choice/Success,English Primary Language,English Primary Language,928,90.80,01/01/1997 12:00:00 AM
1997-98,Choice/Success,Ethnicity,African American,55,5.40,01/01/1997 12:00:00 AM
1997-98,Choice/Success,Ethnicity,Asian,22,2.20,01/01/1997 12:00:00 AM
1997-98,Choice/Success,Ethnicity,Hispanic,241,23.60,01/01/1997 12:00:00 AM
1997-98,Choice/Success,Ethnicity,Native American,135,13.20,01/01/1997 12:00:00 AM
1997-98,Choice/Success,Ethnicity,White,568,55.60,01/01/1997 12:00:00 AM
2008-09,Choice/Success,Ethnicity,Hispanic,1003,26.50,01/01/2008 12:00:00 AM
1997-98,Choice/Success,Free or Reduced Lunch,Free or Reduced Lunch,,,01/01/1997 12:00:00 AM
1997-98,Choice/Success,One Parent Families,One Parent Families,391,38.30,01/01/1997 12:00:00 AM
1997-98,Choice/Success,Single Family Home,Single Family Home,642,62.80,01/01/1997 12:00:00 AM
1997-98,Elementary,English Primary Language,English Primary Language,41273,88.60,01/01/1997 12:00:00 AM
1997-98,Elementary,Ethnicity,African American,1704,3.70,01/01/1997 12:00:00 AM
1997-98,Elementary,Ethnicity,Asian,743,1.60,01/01/1997 12:00:00 AM
1997-98,Elementary,Ethnicity,Hispanic,10015,21.50,01/01/1997 12:00:00 AM
1997-98,Elementary,Ethnicity,Native American,1815,3.90,01/01/1997 12:00:00 AM
1997-98,Elementary,Ethnicity,White,32203,69.10,01/01/1997 12:00:00 AM
1997-98,Elementary,Free or Reduced Lunch,Free or Reduced Lunch,,39.90,01/01/1997 12:00:00 AM
1997-98,Elementary,One Parent Families,One Parent Families,10911,23.40,01/01/1997 12:00:00 AM
1997-98,Elementary,Single Family Home,Single Family Home,32042,68.80,01/01/1997 12:00:00 AM
1997-98,High School,English Primary Language,English Primary Language,13711,92.70,01/01/1997 12:00:00 AM
1997-98,High School,Ethnicity,African American,432,2.90,01/01/1997 12:00:00 AM
1997-98,High School,Ethnicity,Asian,362,2.40,01/01/1997 12:00:00 AM
1997-98,High School,Ethnicity,Hispanic,2204,14.90,01/01/1997 12:00:00 AM
1997-98,High School,Ethnicity,Native American,317,2.10,01/01/1997 12:00:00 AM
1997-98,High School,Ethnicity,White,11470,77.50,01/01/1997 12:00:00 AM
1997-98,High School,Free or Reduced Lunch,Free or Reduced Lunch,,,01/01/1997 12:00:00 AM
1997-98,High School,One Parent Families,One Parent Families,3242,21.90,01/01/1997 12:00:00 AM
1997-98,High School,Single Family Home,Single Family Home,12095,81.80,01/01/1997 12:00:00 AM
1997-98,Junior High School,English Primary Language,English Primary Language,15682,91.70,01/01/1997 12:00:00 AM
1997-98,Junior High School,Ethnicity,African American,579,3.40,01/01/1997 12:00:00 AM
1997-98,Junior High School,Ethnicity,Asian,367,2.10,01/01/1997 12:00:00 AM
1997-98,Junior High School,Ethnicity,Hispanic,3044,17.80,01/01/1997 12:00:00 AM
1997-98,Junior High School,Ethnicity,Native American,582,3.40,01/01/1997 12:00:00 AM
1997-98,Junior High School,Ethnicity,White,12528,73.20,01/01/1997 12:00:00 AM
1997-98,Junior High School,Free or Reduced Lunch,Free or Reduced Lunch,,,01/01/1997 12:00:00 AM
1997-98,Junior High School,One Parent Families,One Parent Families,3807,22.30,01/01/1997 12:00:00 AM
1997-98,Junior High School,Single Family Home,Single Family Home,13179,77.00,01/01/1997 12:00:00 AM
1998-99,Choice/Success,English Primary Language,English Primary Language,1235,91.10,01/01/1998 12:00:00 AM
1998-99,Choice/Success,Ethnicity,African American,65,4.80,01/01/1998 12:00:00 AM
1998-99,Choice/Success,Ethnicity,Asian,25,1.80,01/01/1998 12:00:00 AM
1998-99,Choice/Success,Ethnicity,Hispanic,251,18.50,01/01/1998 12:00:00 AM
1998-99,Choice/Success,Ethnicity,Native American,143,10.60,01/01/1998 12:00:00 AM
1998-99,Choice/Success,Ethnicity,White,842,62.10,01/01/1998 12:00:00 AM
1998-99,Choice/Success,Free or Reduced Lunch,Free or Reduced Lunch,,,01/01/1998 12:00:00 AM
1998-99,Choice/Success,One Parent Families,One Parent Families,408,30.10,01/01/1998 12:00:00 AM
1998-99,Choice/Success,Single Family Home,Single Family Home,938,69.20,01/01/1998 12:00:00 AM
1998-99,Elementary,English Primary Language,English Primary Language,42000,86.80,01/01/1998 12:00:00 AM
1998-99,Elementary,Ethnicity,African American,1852,3.80,01/01/1998 12:00:00 AM
1998-99,Elementary,Ethnicity,Asian,809,1.70,01/01/1998 12:00:00 AM
1998-99,Elementary,Ethnicity,Hispanic,11439,23.60,01/01/1998 12:00:00 AM
1998-99,Elementary,Ethnicity,Native American,1967,4.10,01/01/1998 12:00:00 AM
1998-99,Elementary,Ethnicity,White,32189,66.50,01/01/1998 12:00:00 AM
1998-99,Elementary,Free or Reduced Lunch,Free or Reduced Lunch,,40.50,01/01/1998 12:00:00 AM
1998-99,Elementary,One Parent Families,One Parent Families,11157,23.10,01/01/1998 12:00:00 AM
1998-99,Elementary,Single Family Home,Single Family Home,33140,68.50,01/01/1998 12:00:00 AM
1998-99,High School,English Primary Language,English Primary Language,13612,92.00,01/01/1998 12:00:00 AM
1998-99,High School,Ethnicity,African American,463,3.10,01/01/1998 12:00:00 AM
1998-99,High School,Ethnicity,Asian,378,2.60,01/01/1998 12:00:00 AM
1998-99,High School,Ethnicity,Hispanic,2342,15.80,01/01/1998 12:00:00 AM
1998-99,High School,Ethnicity,Native American,354,2.40,01/01/1998 12:00:00 AM
1998-99,High School,Ethnicity,White,11249,76.00,01/01/1998 12:00:00 AM
1998-99,High School,Free or Reduced Lunch,Free or Reduced Lunch,,,01/01/1998 12:00:00 AM
1998-99,High School,One Parent Families,One Parent Families,3109,21.00,01/01/1998 12:00:00 AM
1998-99,High School,Single Family Home,Single Family Home,11981,80.90,01/01/1998 12:00:00 AM
1998-99,Junior High School,English Primary Language,English Primary Language,15818,90.70,01/01/1998 12:00:00 AM
1998-99,Junior High School,Ethnicity,African American,551,3.20,01/01/1998 12:00:00 AM
1998-99,Junior High School,Ethnicity,Asian,350,2.00,01/01/1998 12:00:00 AM
1998-99,Junior High School,Ethnicity,Hispanic,3315,19.00,01/01/1998 12:00:00 AM
1998-99,Junior High School,Ethnicity,Native American,686,3.90,01/01/1998 12:00:00 AM
1998-99,Junior High School,Ethnicity,White,12487,71.60,01/01/1998 12:00:00 AM
1998-99,Junior High School,Free or Reduced Lunch,Free or Reduced Lunch,,,01/01/1998 12:00:00 AM
1998-99,Junior High School,One Parent Families,One Parent Families,3994,22.90,01/01/1998 12:00:00 AM
1998-99,Junior High School,Single Family Home,Single Family Home,13238,75.90,01/01/1998 12:00:00 AM
1999-00,Choice/Success,English Primary Language,English Primary Language,1830,92.30,01/01/1999 12:00:00 AM
1999-00,Choice/Success,Ethnicity,African American,83,4.20,01/01/1999 12:00:00 AM
1999-00,Choice/Success,Ethnicity,Asian,35,1.80,01/01/1999 12:00:00 AM
1999-00,Choice/Success,Ethnicity,Hispanic,347,17.50,01/01/1999 12:00:00 AM
1999-00,Choice/Success,Ethnicity,Native American,162,8.20,01/01/1999 12:00:00 AM
1999-00,Choice/Success,Ethnicity,White,1349,68.10,01/01/1999 12:00:00 AM
1999-00,Choice/Success,Free or Reduced Lunch,Free or Reduced Lunch,,,01/01/1999 12:00:00 AM
1999-00,Choice/Success,One Parent Families,One Parent Families,452,22.80,01/01/1999 12:00:00 AM
1999-00,Choice/Success,Single Family Home,Single Family Home,1472,74.30,01/01/1999 12:00:00 AM
1999-00,Elementary,English Primary Language,English Primary Language,41612,84.60,01/01/1999 12:00:00 AM
1999-00,Elementary,Ethnicity,African American,1796,3.70,01/01/1999 12:00:00 AM
1999-00,Elementary,Ethnicity,Asian,914,1.90,01/01/1999 12:00:00 AM
1999-00,Elementary,Ethnicity,Hispanic,12808,26.00,01/01/1999 12:00:00 AM
1999-00,Elementary,Ethnicity,Native American,2046,4.20,01/01/1999 12:00:00 AM
1999-00,Elementary,Ethnicity,White,31589,64.20,01/01/1999 12:00:00 AM
1999-00,Elementary,Free or Reduced Lunch,Free or Reduced Lunch,,38.80,01/01/1999 12:00:00 AM
1999-00,Elementary,One Parent Families,One Parent Families,11342,23.10,01/01/1999 12:00:00 AM
1999-00,Elementary,Single Family Home,Single Family Home,33553,68.20,01/01/1999 12:00:00 AM
1999-00,High School,English Primary Language,English Primary Language,14268,91.80,01/01/1999 12:00:00 AM
1999-00,High School,Ethnicity,African American,490,3.20,01/01/1999 12:00:00 AM
1999-00,High School,Ethnicity,Asian,360,2.30,01/01/1999 12:00:00 AM
1999-00,High School,Ethnicity,Hispanic,2547,16.40,01/01/1999 12:00:00 AM
1999-00,High School,Ethnicity,Native American,440,2.80,01/01/1999 12:00:00 AM
1999-00,High School,Ethnicity,White,11697,75.30,01/01/1999 12:00:00 AM
1999-00,High School,Free or Reduced Lunch,Free or Reduced Lunch,,,01/01/1999 12:00:00 AM
1999-00,High School,One Parent Families,One Parent Families,3346,21.50,01/01/1999 12:00:00 AM
1999-00,High School,Single Family Home,Single Family Home,12595,81.10,01/01/1999 12:00:00 AM
1999-00,Junior High School,English Primary Language,English Primary Language,15375,89.20,01/01/1999 12:00:00 AM
1999-00,Junior High School,Ethnicity,African American,634,3.70,01/01/1999 12:00:00 AM
1999-00,Junior High School,Ethnicity,Asian,361,2.10,01/01/1999 12:00:00 AM
1999-00,Junior High School,Ethnicity,Hispanic,3605,20.90,01/01/1999 12:00:00 AM
1999-00,Junior High School,Ethnicity,Native American,668,3.90,01/01/1999 12:00:00 AM
1999-00,Junior High School,Ethnicity,White,11951,69.30,01/01/1999 12:00:00 AM
1999-00,Junior High School,Free or Reduced Lunch,Free or Reduced Lunch,,,01/01/1999 12:00:00 AM
1999-00,Junior High School,One Parent Families,One Parent Families,3978,23.10,01/01/1999 12:00:00 AM
1999-00,Junior High School,Single Family Home,Single Family Home,12850,74.50,01/01/1999 12:00:00 AM
2000-01,Choice/Success,English Primary Language,English Primary Language,1810,92.80,01/01/2000 12:00:00 AM
2000-01,Choice/Success,Ethnicity,African American,73,3.70,01/01/2000 12:00:00 AM
2000-01,Choice/Success,Ethnicity,Asian,36,1.80,01/01/2000 12:00:00 AM
2000-01,Choice/Success,Ethnicity,Hispanic,328,16.80,01/01/2000 12:00:00 AM
2000-01,Choice/Success,Ethnicity,Native American,132,6.80,01/01/2000 12:00:00 AM
2000-01,Choice/Success,Ethnicity,White,1379,70.70,01/01/2000 12:00:00 AM
2000-01,Choice/Success,Free or Reduced Lunch,Free or Reduced Lunch,,,01/01/2000 12:00:00 AM
2000-01,Choice/Success,One Parent Families,One Parent Families,441,22.60,01/01/2000 12:00:00 AM
2000-01,Choice/Success,Single Family Home,Single Family Home,1499,76.80,01/01/2000 12:00:00 AM
2000-01,Elementary,English Primary Language,English Primary Language,39094,83.50,01/01/2000 12:00:00 AM
2000-01,Elementary,Ethnicity,African American,1749,3.70,01/01/2000 12:00:00 AM
2000-01,Elementary,Ethnicity,Asian,897,1.90,01/01/2000 12:00:00 AM
2000-01,Elementary,Ethnicity,Hispanic,12780,27.30,01/01/2000 12:00:00 AM
2000-01,Elementary,Ethnicity,Native American,1945,4.20,01/01/2000 12:00:00 AM
2000-01,Elementary,Ethnicity,White,29206,62.40,01/01/2000 12:00:00 AM
2000-01,Elementary,Free or Reduced Lunch,Free or Reduced Lunch,,41.10,01/01/2000 12:00:00 AM
2000-01,Elementary,One Parent Families,One Parent Families,10281,22.00,01/01/2000 12:00:00 AM
2000-01,Elementary,Single Family Home,Single Family Home,32185,68.80,01/01/2000 12:00:00 AM
2000-01,High School,English Primary Language,English Primary Language,13789,91.20,01/01/2000 12:00:00 AM
2000-01,High School,Ethnicity,African American,466,3.10,01/01/2000 12:00:00 AM
2000-01,High School,Ethnicity,Asian,370,2.40,01/01/2000 12:00:00 AM
2000-01,High School,Ethnicity,Hispanic,2549,16.90,01/01/2000 12:00:00 AM
2000-01,High School,Ethnicity,Native American,422,2.80,01/01/2000 12:00:00 AM
2000-01,High School,Ethnicity,White,11308,74.80,01/01/2000 12:00:00 AM
2000-01,High School,Free or Reduced Lunch,Free or Reduced Lunch,,,01/01/2000 12:00:00 AM
2000-01,High School,One Parent Families,One Parent Families,3211,21.20,01/01/2000 12:00:00 AM
2000-01,High School,Single Family Home,Single Family Home,12227,80.90,01/01/2000 12:00:00 AM
2000-01,Junior High School,English Primary Language,English Primary Language,15118,88.00,01/01/2000 12:00:00 AM
2000-01,Junior High School,Ethnicity,African American,645,3.80,01/01/2000 12:00:00 AM
2000-01,Junior High School,Ethnicity,Asian,343,2.00,01/01/2000 12:00:00 AM
2000-01,Junior High School,Ethnicity,Hispanic,3706,21.60,01/01/2000 12:00:00 AM
2000-01,Junior High School,Ethnicity,Native American,688,4.00,01/01/2000 12:00:00 AM
2000-01,Junior High School,Ethnicity,White,11772,68.60,01/01/2000 12:00:00 AM
2000-01,Junior High School,Free or Reduced Lunch,Free or Reduced Lunch,,,01/01/2000 12:00:00 AM
2000-01,Junior High School,One Parent Families,One Parent Families,4058,23.60,01/01/2000 12:00:00 AM
2000-01,Junior High School,Single Family Home,Single Family Home,12755,74.30,01/01/2000 12:00:00 AM
2001-02,Choice/Success,English Primary Language,English Primary Language,2188,92.70,01/01/2001 12:00:00 AM
2001-02,Choice/Success,Ethnicity,African American,93,3.90,01/01/2001 12:00:00 AM
2001-02,Choice/Success,Ethnicity,Asian,38,1.60,01/01/2001 12:00:00 AM
2001-02,Choice/Success,Ethnicity,Hispanic,389,16.50,01/01/2001 12:00:00 AM
2001-02,Choice/Success,Ethnicity,Native American,157,6.60,01/01/2001 12:00:00 AM
2001-02,Choice/Success,Ethnicity,White,1619,68.60,01/01/2001 12:00:00 AM
2001-02,Choice/Success,Free or Reduced Lunch,Free or Reduced Lunch,,,01/01/2001 12:00:00 AM
2001-02,Choice/Success,One Parent Families,One Parent Families,514,21.80,01/01/2001 12:00:00 AM
2001-02,Choice/Success,Single Family Home,Single Family Home,1778,75.30,01/01/2001 12:00:00 AM
2001-02,Elementary,English Primary Language,English Primary Language,39851,81.20,01/01/2001 12:00:00 AM
2001-02,Elementary,Ethnicity,African American,2036,4.10,01/01/2001 12:00:00 AM
2001-02,Elementary,Ethnicity,Asian,973,2.00,01/01/2001 12:00:00 AM
2001-02,Elementary,Ethnicity,Hispanic,14671,29.90,01/01/2001 12:00:00 AM
2001-02,Elementary,Ethnicity,Native American,2000,4.10,01/01/2001 12:00:00 AM
2001-02,Elementary,Ethnicity,White,28892,58.90,01/01/2001 12:00:00 AM
2001-02,Elementary,Free or Reduced Lunch,Free or Reduced Lunch,,38.40,01/01/2001 12:00:00 AM
2001-02,Elementary,One Parent Families,One Parent Families,10706,21.80,01/01/2001 12:00:00 AM
2001-02,Elementary,Single Family Home,Single Family Home,33255,67.70,01/01/2001 12:00:00 AM
2001-02,High School,English Primary Language,English Primary Language,14374,89.90,01/01/2001 12:00:00 AM
2001-02,High School,Ethnicity,African American,526,3.30,01/01/2001 12:00:00 AM
2001-02,High School,Ethnicity,Asian,362,2.30,01/01/2001 12:00:00 AM
2001-02,High School,Ethnicity,Hispanic,2985,18.70,01/01/2001 12:00:00 AM
2001-02,High School,Ethnicity,Native American,494,3.10,01/01/2001 12:00:00 AM
2001-02,High School,Ethnicity,White,11595,72.50,01/01/2001 12:00:00 AM
2001-02,High School,Free or Reduced Lunch,Free or Reduced Lunch,,,01/01/2001 12:00:00 AM
2001-02,High School,One Parent Families,One Parent Families,3473,21.70,01/01/2001 12:00:00 AM
2001-02,High School,Single Family Home,Single Family Home,12785,80.00,01/01/2001 12:00:00 AM
2001-02,Junior High School,English Primary Language,English Primary Language,16456,87.40,01/01/2001 12:00:00 AM
2001-02,Junior High School,Ethnicity,African American,731,3.90,01/01/2001 12:00:00 AM
2001-02,Junior High School,Ethnicity,Asian,378,2.00,01/01/2001 12:00:00 AM
2001-02,Junior High School,Ethnicity,Hispanic,4452,23.70,01/01/2001 12:00:00 AM
2001-02,Junior High School,Ethnicity,Native American,779,4.10,01/01/2001 12:00:00 AM
2001-02,Junior High School,Ethnicity,White,12409,65.90,01/01/2001 12:00:00 AM
2001-02,Junior High School,Free or Reduced Lunch,Free or Reduced Lunch,,,01/01/2001 12:00:00 AM
2001-02,Junior High School,One Parent Families,One Parent Families,4438,23.60,01/01/2001 12:00:00 AM
2001-02,Junior High School,Single Family Home,Single Family Home,13838,73.50,01/01/2001 12:00:00 AM
2002-03,Choice/Success,English Primary Language,English Primary Language,2658,92.50,01/01/2002 12:00:00 AM
2002-03,Choice/Success,Ethnicity,African American,116,4.00,01/01/2002 12:00:00 AM
2002-03,Choice/Success,Ethnicity,Asian,51,1.80,01/01/2002 12:00:00 AM
2002-03,Choice/Success,Ethnicity,Hispanic,499,17.40,01/01/2002 12:00:00 AM
2002-03,Choice/Success,Ethnicity,Native American,170,5.90,01/01/2002 12:00:00 AM
2002-03,Choice/Success,Ethnicity,White,1984,69.10,01/01/2002 12:00:00 AM
2002-03,Choice/Success,Free or Reduced Lunch,Free or Reduced Lunch,,,01/01/2002 12:00:00 AM
2002-03,Choice/Success,One Parent Families,One Parent Families,664,23.10,01/01/2002 12:00:00 AM
2002-03,Choice/Success,Single Family Home,Single Family Home,2239,77.90,01/01/2002 12:00:00 AM
2002-03,Elementary,English Primary Language,English Primary Language,38749,78.60,01/01/2002 12:00:00 AM
2002-03,Elementary,Ethnicity,African American,2095,4.20,01/01/2002 12:00:00 AM
2002-03,Elementary,Ethnicity,Asian,1003,2.00,01/01/2002 12:00:00 AM
2002-03,Elementary,Ethnicity,Hispanic,15969,32.40,01/01/2002 12:00:00 AM
2002-03,Elementary,Ethnicity,Native American,1963,4.00,01/01/2002 12:00:00 AM
2002-03,Elementary,Ethnicity,White,27745,56.30,01/01/2002 12:00:00 AM
2002-03,Elementary,Free or Reduced Lunch,Free or Reduced Lunch,,46.90,01/01/2002 12:00:00 AM
2002-03,Elementary,One Parent Families,One Parent Families,10574,21.40,01/01/2002 12:00:00 AM
2002-03,Elementary,Single Family Home,Single Family Home,33903,68.80,01/01/2002 12:00:00 AM
2002-03,High School,English Primary Language,English Primary Language,13955,88.90,01/01/2002 12:00:00 AM
2002-03,High School,Ethnicity,African American,551,3.50,01/01/2002 12:00:00 AM
2002-03,High School,Ethnicity,Asian,390,2.50,01/01/2002 12:00:00 AM
2002-03,High School,Ethnicity,Hispanic,3183,20.30,01/01/2002 12:00:00 AM
2002-03,High School,Ethnicity,Native American,460,2.90,01/01/2002 12:00:00 AM
2002-03,High School,Ethnicity,White,11109,70.80,01/01/2002 12:00:00 AM
2002-03,High School,Free or Reduced Lunch,Free or Reduced Lunch,,,01/01/2002 12:00:00 AM
2002-03,High School,One Parent Families,One Parent Families,3451,22.00,01/01/2002 12:00:00 AM
2002-03,High School,Single Family Home,Single Family Home,12608,80.30,01/01/2002 12:00:00 AM
2002-03,Junior High School,English Primary Language,English Primary Language,16207,85.50,01/01/2002 12:00:00 AM
2002-03,Junior High School,Ethnicity,African American,780,4.10,01/01/2002 12:00:00 AM
2002-03,Junior High School,Ethnicity,Asian,403,2.10,01/01/2002 12:00:00 AM
2002-03,Junior High School,Ethnicity,Hispanic,4847,25.60,01/01/2002 12:00:00 AM
2002-03,Junior High School,Ethnicity,Native American,779,4.10,01/01/2002 12:00:00 AM
2002-03,Junior High School,Ethnicity,White,12111,63.90,01/01/2002 12:00:00 AM
2002-03,Junior High School,Free or Reduced Lunch,Free or Reduced Lunch,,,01/01/2002 12:00:00 AM
2002-03,Junior High School,One Parent Families,One Parent Families,4349,22.90,01/01/2002 12:00:00 AM
2002-03,Junior High School,Single Family Home,Single Family Home,14012,73.90,01/01/2002 12:00:00 AM
2003-04,Choice/Success,English Primary Language,English Primary Language,2082,92.20,01/01/2003 12:00:00 AM
2003-04,Choice/Success,Ethnicity,African American,91,4.00,01/01/2003 12:00:00 AM
2003-04,Choice/Success,Ethnicity,Asian,45,2.00,01/01/2003 12:00:00 AM
2003-04,Choice/Success,Ethnicity,Hispanic,387,17.10,01/01/2003 12:00:00 AM
2003-04,Choice/Success,Ethnicity,Native American,144,6.40,01/01/2003 12:00:00 AM
2003-04,Choice/Success,Ethnicity,White,1546,68.40,01/01/2003 12:00:00 AM
2003-04,Choice/Success,Free or Reduced Lunch,Free or Reduced Lunch,,,01/01/2003 12:00:00 AM
2003-04,Choice/Success,One Parent Families,One Parent Families,536,23.70,01/01/2003 12:00:00 AM
2003-04,Choice/Success,Single Family Home,Single Family Home,1756,77.70,01/01/2003 12:00:00 AM
2003-04,Elementary,English Primary Language,English Primary Language,36025,76.30,01/01/2003 12:00:00 AM
2003-04,Elementary,Ethnicity,African American,1951,4.10,01/01/2003 12:00:00 AM
2003-04,Elementary,Ethnicity,Asian,999,2.10,01/01/2003 12:00:00 AM
2003-04,Elementary,Ethnicity,Hispanic,16382,34.70,01/01/2003 12:00:00 AM
2003-04,Elementary,Ethnicity,Native American,1920,4.10,01/01/2003 12:00:00 AM
2003-04,Elementary,Ethnicity,White,25455,53.90,01/01/2003 12:00:00 AM
2003-04,Elementary,Free or Reduced Lunch,Free or Reduced Lunch,,49.70,01/01/2003 12:00:00 AM
2003-04,Elementary,One Parent Families,One Parent Families,9860,20.90,01/01/2003 12:00:00 AM
2003-04,Elementary,Single Family Home,Single Family Home,32727,69.40,01/01/2003 12:00:00 AM
2003-04,High School,English Primary Language,English Primary Language,13699,87.40,01/01/2003 12:00:00 AM
2003-04,High School,Ethnicity,African American,547,3.50,01/01/2003 12:00:00 AM
2003-04,High School,Ethnicity,Asian,394,2.50,01/01/2003 12:00:00 AM
2003-04,High School,Ethnicity,Hispanic,3351,21.40,01/01/2003 12:00:00 AM
2003-04,High School,Ethnicity,Native American,488,3.10,01/01/2003 12:00:00 AM
2003-04,High School,Ethnicity,White,10882,69.50,01/01/2003 12:00:00 AM
2003-04,High School,Free or Reduced Lunch,Free or Reduced Lunch,,,01/01/2003 12:00:00 AM
2003-04,High School,One Parent Families,One Parent Families,3500,22.30,01/01/2003 12:00:00 AM
2003-04,High School,Single Family Home,Single Family Home,12460,79.50,01/01/2003 12:00:00 AM
2003-04,Junior High School,English Primary Language,English Primary Language,15266,83.30,01/01/2003 12:00:00 AM
2003-04,Junior High School,Ethnicity,African American,741,4.00,01/01/2003 12:00:00 AM
2003-04,Junior High School,Ethnicity,Asian,410,2.20,01/01/2003 12:00:00 AM
2003-04,Junior High School,Ethnicity,Hispanic,5132,28.00,01/01/2003 12:00:00 AM
2003-04,Junior High School,Ethnicity,Native American,749,4.10,01/01/2003 12:00:00 AM
2003-04,Junior High School,Ethnicity,White,11273,61.50,01/01/2003 12:00:00 AM
2003-04,Junior High School,Free or Reduced Lunch,Free or Reduced Lunch,,,01/01/2003 12:00:00 AM
2003-04,Junior High School,One Parent Families,One Parent Families,4199,22.90,01/01/2003 12:00:00 AM
2003-04,Junior High School,Single Family Home,Single Family Home,13703,74.80,01/01/2003 12:00:00 AM
2004-05,Choice/Success,English Primary Language,English Primary Language,2988,92.30,01/01/2004 12:00:00 AM
2004-05,Choice/Success,Ethnicity,African American,151,4.70,01/01/2004 12:00:00 AM
2004-05,Choice/Success,Ethnicity,Asian,64,2.00,01/01/2004 12:00:00 AM
2004-05,Choice/Success,Ethnicity,Hispanic,519,16.00,01/01/2004 12:00:00 AM
2004-05,Choice/Success,Ethnicity,Native American,136,4.20,01/01/2004 12:00:00 AM
2004-05,Choice/Success,Ethnicity,White,2171,67.00,01/01/2004 12:00:00 AM
2004-05,Choice/Success,Free or Reduced Lunch,Free or Reduced Lunch,,,01/01/2004 12:00:00 AM
2004-05,Choice/Success,One Parent Families,One Parent Families,711,22.00,01/01/2004 12:00:00 AM
2004-05,Choice/Success,Single Family Home,Single Family Home,2402,74.20,01/01/2004 12:00:00 AM
2004-05,Elementary,English Primary Language,English Primary Language,35053,74.40,01/01/2004 12:00:00 AM
2004-05,Elementary,Ethnicity,African American,2122,4.50,01/01/2004 12:00:00 AM
2004-05,Elementary,Ethnicity,Asian,996,2.10,01/01/2004 12:00:00 AM
2004-05,Elementary,Ethnicity,Hispanic,17515,37.20,01/01/2004 12:00:00 AM
2004-05,Elementary,Ethnicity,Native American,1976,4.20,01/01/2004 12:00:00 AM
2004-05,Elementary,Ethnicity,White,24461,51.90,01/01/2004 12:00:00 AM
2004-05,Elementary,Free or Reduced Lunch,Free or Reduced Lunch,,51.20,01/01/2004 12:00:00 AM
2004-05,Elementary,One Parent Families,One Parent Families,9988,21.20,01/01/2004 12:00:00 AM
2004-05,Elementary,Single Family Home,Single Family Home,33024,70.10,01/01/2004 12:00:00 AM
2004-05,High School,English Primary Language,English Primary Language,13648,86.60,01/01/2004 12:00:00 AM
2004-05,High School,Ethnicity,African American,581,3.70,01/01/2004 12:00:00 AM
2004-05,High School,Ethnicity,Asian,414,2.60,01/01/2004 12:00:00 AM
2004-05,High School,Ethnicity,Hispanic,3644,23.10,01/01/2004 12:00:00 AM
2004-05,High School,Ethnicity,Native American,533,3.40,01/01/2004 12:00:00 AM
2004-05,High School,Ethnicity,White,10570,67.10,01/01/2004 12:00:00 AM
2004-05,High School,Free or Reduced Lunch,Free or Reduced Lunch,,,01/01/2004 12:00:00 AM
2004-05,High School,One Parent Families,One Parent Families,3558,22.60,01/01/2004 12:00:00 AM
2004-05,High School,Single Family Home,Single Family Home,12429,78.80,01/01/2004 12:00:00 AM
2004-05,Junior High School,English Primary Language,English Primary Language,14837,80.30,01/01/2004 12:00:00 AM
2004-05,Junior High School,Ethnicity,African American,796,4.30,01/01/2004 12:00:00 AM
2004-05,Junior High School,Ethnicity,Asian,418,2.30,01/01/2004 12:00:00 AM
2004-05,Junior High School,Ethnicity,Hispanic,5599,30.30,01/01/2004 12:00:00 AM
2004-05,Junior High School,Ethnicity,Native American,776,4.20,01/01/2004 12:00:00 AM
2004-05,Junior High School,Ethnicity,White,10897,58.90,01/01/2004 12:00:00 AM
2004-05,Junior High School,Free or Reduced Lunch,Free or Reduced Lunch,,,01/01/2004 12:00:00 AM
2004-05,Junior High School,One Parent Families,One Parent Families,4242,22.90,01/01/2004 12:00:00 AM
2004-05,Junior High School,Single Family Home,Single Family Home,13887,75.10,01/01/2004 12:00:00 AM
2005-06,Choice/Success,English Primary Language,English Primary Language,3390,90.90,01/01/2005 12:00:00 AM
2005-06,Choice/Success,Ethnicity,African American,176,4.70,01/01/2005 12:00:00 AM
2005-06,Choice/Success,Ethnicity,Asian,83,2.20,01/01/2005 12:00:00 AM
2005-06,Choice/Success,Ethnicity,Hispanic,697,18.70,01/01/2005 12:00:00 AM
2005-06,Choice/Success,Ethnicity,Native American,181,4.90,01/01/2005 12:00:00 AM
2005-06,Choice/Success,Ethnicity,White,2498,67.00,01/01/2005 12:00:00 AM
2005-06,Choice/Success,Free or Reduced Lunch,Free or Reduced Lunch,,,01/01/2005 12:00:00 AM
2005-06,Choice/Success,One Parent Families,One Parent Families,892,23.90,01/01/2005 12:00:00 AM
2005-06,Choice/Success,Single Family Home,Single Family Home,2750,73.70,01/01/2005 12:00:00 AM
2005-06,Elementary,English Primary Language,English Primary Language,33352,71.90,01/01/2005 12:00:00 AM
2005-06,Elementary,Ethnicity,African American,2011,4.30,01/01/2005 12:00:00 AM
2005-06,Elementary,Ethnicity,Asian,1062,2.30,01/01/2005 12:00:00 AM
2005-06,Elementary,Ethnicity,Hispanic,18448,39.80,01/01/2005 12:00:00 AM
2005-06,Elementary,Ethnicity,Native American,1999,4.30,01/01/2005 12:00:00 AM
2005-06,Elementary,Ethnicity,White,22828,49.20,01/01/2005 12:00:00 AM
2005-06,Elementary,Free or Reduced Lunch,Free or Reduced Lunch,,51.20,01/01/2005 12:00:00 AM
2005-06,Elementary,One Parent Families,One Parent Families,9652,20.80,01/01/2005 12:00:00 AM
2005-06,Elementary,Single Family Home,Single Family Home,31934,68.90,01/01/2005 12:00:00 AM
2005-06,High School,English Primary Language,English Primary Language,13716,85.10,01/01/2005 12:00:00 AM
2005-06,High School,Ethnicity,African American,656,4.10,01/01/2005 12:00:00 AM
2005-06,High School,Ethnicity,Asian,417,2.60,01/01/2005 12:00:00 AM
2005-06,High School,Ethnicity,Hispanic,3945,24.50,01/01/2005 12:00:00 AM
2005-06,High School,Ethnicity,Native American,562,3.50,01/01/2005 12:00:00 AM
2005-06,High School,Ethnicity,White,10532,65.30,01/01/2005 12:00:00 AM
2005-06,High School,Free or Reduced Lunch,Free or Reduced Lunch,,,01/01/2005 12:00:00 AM
2005-06,High School,One Parent Families,One Parent Families,3585,22.20,01/01/2005 12:00:00 AM
2005-06,High School,Single Family Home,Single Family Home,12703,78.80,01/01/2005 12:00:00 AM
2005-06,Junior High School,English Primary Language,English Primary Language,14518,78.60,01/01/2005 12:00:00 AM
2005-06,Junior High School,Ethnicity,African American,820,4.40,01/01/2005 12:00:00 AM
2005-06,Junior High School,Ethnicity,Asian,412,2.20,01/01/2005 12:00:00 AM
2005-06,Junior High School,Ethnicity,Hispanic,5988,32.40,01/01/2005 12:00:00 AM
2005-06,Junior High School,Ethnicity,Native American,845,4.60,01/01/2005 12:00:00 AM
2005-06,Junior High School,Ethnicity,White,10391,56.30,01/01/2005 12:00:00 AM
2005-06,Junior High School,Free or Reduced Lunch,Free or Reduced Lunch,,,01/01/2005 12:00:00 AM
2005-06,Junior High School,One Parent Families,One Parent Families,4237,22.90,01/01/2005 12:00:00 AM
2005-06,Junior High School,Single Family Home,Single Family Home,13821,74.80,01/01/2005 12:00:00 AM
2006-07,Choice/Success,English Primary Language,English Primary Language,2740,88.90,01/01/2006 12:00:00 AM
2006-07,Choice/Success,Ethnicity,African American,140,4.50,01/01/2006 12:00:00 AM
2006-07,Choice/Success,Ethnicity,Asian,78,2.50,01/01/2006 12:00:00 AM
2006-07,Choice/Success,Ethnicity,Hispanic,500,16.20,01/01/2006 12:00:00 AM
2006-07,Choice/Success,Ethnicity,Native American,150,4.90,01/01/2006 12:00:00 AM
2006-07,Choice/Success,Ethnicity,White,1775,57.60,01/01/2006 12:00:00 AM
2006-07,Choice/Success,Free or Reduced Lunch,Free or Reduced Lunch,,58.80,01/01/2006 12:00:00 AM
2006-07,Choice/Success,One Parent Families,One Parent Families,641,20.80,01/01/2006 12:00:00 AM
2006-07,Choice/Success,Single Family Home,Single Family Home,2027,65.80,01/01/2006 12:00:00 AM
2006-07,Elementary,English Primary Language,English Primary Language,32063,69.70,01/01/2006 12:00:00 AM
2006-07,Elementary,Ethnicity,African American,2037,4.40,01/01/2006 12:00:00 AM
2006-07,Elementary,Ethnicity,Asian,1060,2.30,01/01/2006 12:00:00 AM
2006-07,Elementary,Ethnicity,Hispanic,19410,42.20,01/01/2006 12:00:00 AM
2006-07,Elementary,Ethnicity,Native American,2001,4.30,01/01/2006 12:00:00 AM
2006-07,Elementary,Ethnicity,White,21488,46.70,01/01/2006 12:00:00 AM
2006-07,Elementary,Free or Reduced Lunch,Free or Reduced Lunch,,52.00,01/01/2006 12:00:00 AM
2006-07,Elementary,One Parent Families,One Parent Families,9508,20.70,01/01/2006 12:00:00 AM
2006-07,Elementary,Single Family Home,Single Family Home,30992,67.40,01/01/2006 12:00:00 AM
2006-07,High School,English Primary Language,English Primary Language,12875,83.40,01/01/2006 12:00:00 AM
2006-07,High School,Ethnicity,African American,608,3.90,01/01/2006 12:00:00 AM
2006-07,High School,Ethnicity,Asian,406,2.60,01/01/2006 12:00:00 AM
2006-07,High School,Ethnicity,Hispanic,4082,26.40,01/01/2006 12:00:00 AM
2006-07,High School,Ethnicity,Native American,531,3.40,01/01/2006 12:00:00 AM
2006-07,High School,Ethnicity,White,9761,63.20,01/01/2006 12:00:00 AM
2006-07,High School,Free or Reduced Lunch,Free or Reduced Lunch,,29.50,01/01/2006 12:00:00 AM
2006-07,High School,One Parent Families,One Parent Families,3372,21.50,01/01/2006 12:00:00 AM
2006-07,High School,Single Family Home,Single Family Home,12225,79.20,01/01/2006 12:00:00 AM
2006-07,Junior High School,English Primary Language,English Primary Language,13605,76.00,01/01/2006 12:00:00 AM
2006-07,Junior High School,Ethnicity,African American,785,4.40,01/01/2006 12:00:00 AM
2006-07,Junior High School,Ethnicity,Asian,404,2.30,01/01/2006 12:00:00 AM
2006-07,Junior High School,Ethnicity,Hispanic,6289,35.10,01/01/2006 12:00:00 AM
2006-07,Junior High School,Ethnicity,Native American,833,4.70,01/01/2006 12:00:00 AM
2006-07,Junior High School,Ethnicity,White,9586,53.50,01/01/2006 12:00:00 AM
2006-07,Junior High School,Free or Reduced Lunch,Free or Reduced Lunch,,43.60,01/01/2006 12:00:00 AM
2006-07,Junior High School,One Parent Families,One Parent Families,4052,22.60,01/01/2006 12:00:00 AM
2006-07,Junior High School,Single Family Home,Single Family Home,13119,73.30,01/01/2006 12:00:00 AM
2007-08,Choice/Success,English Primary Language,English Primary Language,3579,84.70,01/01/2007 12:00:00 AM
2007-08,Choice/Success,Ethnicity,African American,219,5.20,01/01/2007 12:00:00 AM
2007-08,Choice/Success,Ethnicity,Asian,106,2.50,01/01/2007 12:00:00 AM
2007-08,Choice/Success,Ethnicity,Hispanic,1027,24.30,01/01/2007 12:00:00 AM
2007-08,Choice/Success,Ethnicity,Native American,220,5.20,01/01/2007 12:00:00 AM
2007-08,Choice/Success,Ethnicity,White,2579,61.00,01/01/2007 12:00:00 AM
2007-08,Choice/Success,Free or Reduced Lunch,Free or Reduced Lunch,,60.20,01/01/2007 12:00:00 AM
2007-08,Choice/Success,One Parent Families,One Parent Families,732,17.30,01/01/2007 12:00:00 AM
2007-08,Choice/Success,Single Family Home,Single Family Home,2643,62.50,01/01/2007 12:00:00 AM
2007-08,Elementary,English Primary Language,English Primary Language,30305,68.20,01/01/2007 12:00:00 AM
2007-08,Elementary,Ethnicity,African American,2044,4.60,01/01/2007 12:00:00 AM
2007-08,Elementary,Ethnicity,Asian,1014,2.30,01/01/2007 12:00:00 AM
2007-08,Elementary,Ethnicity,Hispanic,19296,43.40,01/01/2007 12:00:00 AM
2007-08,Elementary,Ethnicity,Native American,1952,4.40,01/01/2007 12:00:00 AM
2007-08,Elementary,Ethnicity,White,20105,45.30,01/01/2007 12:00:00 AM
2007-08,Elementary,Free or Reduced Lunch,Free or Reduced Lunch,,54.80,01/01/2007 12:00:00 AM
2007-08,Elementary,One Parent Families,One Parent Families,9025,20.30,01/01/2007 12:00:00 AM
2007-08,Elementary,Single Family Home,Single Family Home,29405,68.40,01/01/2007 12:00:00 AM
2007-08,High School,English Primary Language,English Primary Language,12688,80.90,01/01/2007 12:00:00 AM
2007-08,High School,Ethnicity,African American,661,4.20,01/01/2007 12:00:00 AM
2007-08,High School,Ethnicity,Asian,417,2.70,01/01/2007 12:00:00 AM
2007-08,High School,Ethnicity,Hispanic,4565,29.10,01/01/2007 12:00:00 AM
2007-08,High School,Ethnicity,Native American,536,3.40,01/01/2007 12:00:00 AM
2007-08,High School,Ethnicity,White,9503,60.60,01/01/2007 12:00:00 AM
2007-08,High School,Free or Reduced Lunch,Free or Reduced Lunch,,31.50,01/01/2007 12:00:00 AM
2007-08,High School,One Parent Families,One Parent Families,3409,21.70,01/01/2007 12:00:00 AM
2007-08,High School,Single Family Home,Single Family Home,12436,79.30,01/01/2007 12:00:00 AM
2007-08,Junior High School,English Primary Language,English Primary Language,12899,74.90,01/01/2007 12:00:00 AM
2007-08,Junior High School,Ethnicity,African American,806,4.70,01/01/2007 12:00:00 AM
2007-08,Junior High School,Ethnicity,Asian,444,2.60,01/01/2007 12:00:00 AM
2007-08,Junior High School,Ethnicity,Hispanic,6197,36.00,01/01/2007 12:00:00 AM
2007-08,Junior High School,Ethnicity,Native American,766,4.40,01/01/2007 12:00:00 AM
2007-08,Junior High School,Ethnicity,White,9014,52.30,01/01/2007 12:00:00 AM
2007-08,Junior High School,Free or Reduced Lunch,Free or Reduced Lunch,,44.80,01/01/2007 12:00:00 AM
2007-08,Junior High School,One Parent Families,One Parent Families,3777,21.90,01/01/2007 12:00:00 AM
2007-08,Junior High School,Single Family Home,Single Family Home,12239,71.00,01/01/2007 12:00:00 AM
2008-09,Choice/Success,English Primary Language,English Primary Language,3157,83.40,01/01/2008 12:00:00 AM
2008-09,Choice/Success,Ethnicity,African American,202,5.30,01/01/2008 12:00:00 AM
2008-09,Choice/Success,Ethnicity,Asian,99,2.60,01/01/2008 12:00:00 AM
2008-09,Choice/Success,Ethnicity,Native American,200,5.30,01/01/2008 12:00:00 AM
2008-09,Choice/Success,Ethnicity,White,2280,60.30,01/01/2008 12:00:00 AM
2008-09,Choice/Success,Free or Reduced Lunch,Free or Reduced Lunch,,51.40,01/01/2008 12:00:00 AM
2008-09,Choice/Success,One Parent Families,One Parent Families,614,16.20,01/01/2008 12:00:00 AM
2008-09,Choice/Success,Single Family Home,Single Family Home,2025,53.50,01/01/2008 12:00:00 AM
2008-09,Elementary,English Primary Language,English Primary Language,29785,69.10,01/01/2008 12:00:00 AM
2008-09,Elementary,Ethnicity,African American,2027,4.70,01/01/2008 12:00:00 AM
2008-09,Elementary,Ethnicity,Asian,957,2.20,01/01/2008 12:00:00 AM
2008-09,Elementary,Ethnicity,Hispanic,18365,42.60,01/01/2008 12:00:00 AM
2008-09,Elementary,Ethnicity,Native American,2027,4.70,01/01/2008 12:00:00 AM
2008-09,Elementary,Ethnicity,White,19713,45.70,01/01/2008 12:00:00 AM
2008-09,Elementary,Free or Reduced Lunch,Free or Reduced Lunch,,57.90,01/01/2008 12:00:00 AM
2008-09,Elementary,One Parent Families,One Parent Families,8621,20.00,01/01/2008 12:00:00 AM
2008-09,Elementary,Single Family Home,Single Family Home,28269,65.60,01/01/2008 12:00:00 AM
2008-09,High School,English Primary Language,English Primary Language,12284,79.80,01/01/2008 12:00:00 AM
2008-09,High School,Ethnicity,African American,654,4.30,01/01/2008 12:00:00 AM
2008-09,High School,Ethnicity,Asian,433,2.80,01/01/2008 12:00:00 AM
2008-09,High School,Ethnicity,Hispanic,4669,30.30,01/01/2008 12:00:00 AM
2008-09,High School,Ethnicity,Native American,566,3.70,01/01/2008 12:00:00 AM
2008-09,High School,Ethnicity,White,9065,58.90,01/01/2008 12:00:00 AM
2008-09,High School,Free or Reduced Lunch,Free or Reduced Lunch,,35.10,01/01/2008 12:00:00 AM
2008-09,High School,One Parent Families,One Parent Families,3267,21.20,01/01/2008 12:00:00 AM
2008-09,High School,Single Family Home,Single Family Home,12048,78.30,01/01/2008 12:00:00 AM
2008-09,Junior High School,English Primary Language,English Primary Language,12577,75.60,01/01/2008 12:00:00 AM
2008-09,Junior High School,Ethnicity,African American,811,4.90,01/01/2008 12:00:00 AM
2008-09,Junior High School,Ethnicity,Asian,422,2.50,01/01/2008 12:00:00 AM
2008-09,Junior High School,Ethnicity,Hispanic,6040,36.30,01/01/2008 12:00:00 AM
2008-09,Junior High School,Ethnicity,Native American,707,4.20,01/01/2008 12:00:00 AM
2008-09,Junior High School,Ethnicity,White,8663,52.10,01/01/2008 12:00:00 AM
2008-09,Junior High School,Free or Reduced Lunch,Free or Reduced Lunch,,48.90,01/01/2008 12:00:00 AM
2008-09,Junior High School,One Parent Families,One Parent Families,3614,21.70,01/01/2008 12:00:00 AM
2008-09,Junior High School,Single Family Home,Single Family Home,11891,71.40,01/01/2008 12:00:00 AM
2009-10,Choice/Success,English Primary Language,English Primary Language,3176,89.60,01/01/2009 12:00:00 AM
2009-10,Choice/Success,Ethnicity,African American,163,4.60,01/01/2009 12:00:00 AM
2009-10,Choice/Success,Ethnicity,Asian,101,2.80,01/01/2009 12:00:00 AM
2009-10,Choice/Success,Ethnicity,Hispanic,851,24.00,01/01/2009 12:00:00 AM
2009-10,Choice/Success,Ethnicity,Native American,167,4.70,01/01/2009 12:00:00 AM
2009-10,Choice/Success,Ethnicity,White,2264,63.80,01/01/2009 12:00:00 AM
2009-10,Choice/Success,Free or Reduced Lunch,Free or Reduced Lunch,,46.20,01/01/2009 12:00:00 AM
2009-10,Choice/Success,One Parent Families,One Parent Families,497,14.00,01/01/2009 12:00:00 AM
2009-10,Choice/Success,Single Family Home,Single Family Home,2259,63.70,01/01/2009 12:00:00 AM
2009-10,Elementary,English Primary Language,English Primary Language,28758,71.10,01/01/2009 12:00:00 AM
2009-10,Elementary,Ethnicity,African American,2051,5.10,01/01/2009 12:00:00 AM
2009-10,Elementary,Ethnicity,Asian,929,2.30,01/01/2009 12:00:00 AM
2009-10,Elementary,Ethnicity,Hispanic,16997,42.00,01/01/2009 12:00:00 AM
2009-10,Elementary,Ethnicity,Native American,1956,4.80,01/01/2009 12:00:00 AM
2009-10,Elementary,Ethnicity,Pacific Islander,0,0.00,01/01/2009 12:00:00 AM
2009-10,Elementary,Ethnicity,White,18525,45.80,01/01/2009 12:00:00 AM
2009-10,Elementary,Free or Reduced Lunch,Free or Reduced Lunch,,62.30,01/01/2009 12:00:00 AM
2009-10,Elementary,One Parent Families,One Parent Families,8414,20.80,01/01/2009 12:00:00 AM
2009-10,Elementary,Single Family Home,Single Family Home,26700,66.00,01/01/2009 12:00:00 AM
2009-10,High School,English Primary Language,English Primary Language,12187,79.30,01/01/2009 12:00:00 AM
2009-10,High School,Ethnicity,African American,708,4.60,01/01/2009 12:00:00 AM
2009-10,High School,Ethnicity,Asian,434,2.80,01/01/2009 12:00:00 AM
2009-10,High School,Ethnicity,Hispanic,4910,31.90,01/01/2009 12:00:00 AM
2009-10,High School,Ethnicity,Native American,593,3.90,01/01/2009 12:00:00 AM
2009-10,High School,Ethnicity,White,8730,56.80,01/01/2009 12:00:00 AM
2009-10,High School,Free or Reduced Lunch,Free or Reduced Lunch,,43.90,01/01/2009 12:00:00 AM
2009-10,High School,One Parent Families,One Parent Families,3343,21.70,01/01/2009 12:00:00 AM
2009-10,High School,Single Family Home,Single Family Home,11910,77.50,01/01/2009 12:00:00 AM
2009-10,Junior High School,English Primary Language,English Primary Language,12107,75.90,01/01/2009 12:00:00 AM
2009-10,Junior High School,Ethnicity,African American,843,5.30,01/01/2009 12:00:00 AM
2009-10,Junior High School,Ethnicity,Asian,405,2.50,01/01/2009 12:00:00 AM
2009-10,Junior High School,Ethnicity,Hispanic,5893,37.00,01/01/2009 12:00:00 AM
2009-10,Junior High School,Ethnicity,Native American,692,4.30,01/01/2009 12:00:00 AM
2009-10,Junior High School,Ethnicity,Pacific Islander,0,0.00,01/01/2009 12:00:00 AM
2009-10,Junior High School,Ethnicity,White,8114,50.90,01/01/2009 12:00:00 AM
2009-10,Junior High School,Free or Reduced Lunch,Free or Reduced Lunch,,52.90,01/01/2009 12:00:00 AM
2009-10,Junior High School,One Parent Families,One Parent Families,3377,21.20,01/01/2009 12:00:00 AM
2009-10,Junior High School,Single Family Home,Single Family Home,11434,71.70,01/01/2009 12:00:00 AM
2010-11,Choice/Success,English Primary Language,English Primary Language,4210,82.30,01/01/2010 12:00:00 AM
2010-11,Choice/Success,Ethnicity,African American,306,6.00,01/01/2010 12:00:00 AM
2010-11,Choice/Success,Ethnicity,Asian,120,2.40,01/01/2010 12:00:00 AM
2010-11,Choice/Success,Ethnicity,Hispanic,1382,27.10,01/01/2010 12:00:00 AM
2010-11,Choice/Success,Ethnicity,Native American,243,4.80,01/01/2010 12:00:00 AM
2010-11,Choice/Success,Ethnicity,Pacific Islander,10,0.20,01/01/2010 12:00:00 AM
2010-11,Choice/Success,Ethnicity,White,3032,59.50,01/01/2010 12:00:00 AM
2010-11,Choice/Success,Free or Reduced Lunch,Free or Reduced Lunch,,47.40,01/01/2010 12:00:00 AM
2010-11,Choice/Success,One Parent Families,One Parent Families,857,16.70,01/01/2010 12:00:00 AM
2010-11,Choice/Success,Single Family Home,Single Family Home,3095,60.50,01/01/2010 12:00:00 AM
2010-11,Elementary,English Primary Language,English Primary Language,28949,72.10,01/01/2010 12:00:00 AM
2010-11,Elementary,Ethnicity,African American,1977,4.90,01/01/2010 12:00:00 AM
2010-11,Elementary,Ethnicity,Asian,712,1.80,01/01/2010 12:00:00 AM
2010-11,Elementary,Ethnicity,Hispanic,16668,41.70,01/01/2010 12:00:00 AM
2010-11,Elementary,Ethnicity,Native American,1974,4.90,01/01/2010 12:00:00 AM
2010-11,Elementary,Ethnicity,Pacific Islander,164,0.40,01/01/2010 12:00:00 AM
2010-11,Elementary,Ethnicity,White,18423,46.10,01/01/2010 12:00:00 AM
2010-11,Elementary,Free or Reduced Lunch,Free or Reduced Lunch,,62.50,01/01/2010 12:00:00 AM
2010-11,Elementary,One Parent Families,One Parent Families,8478,21.10,01/01/2010 12:00:00 AM
2010-11,Elementary,Single Family Home,Single Family Home,25752,64.20,01/01/2010 12:00:00 AM
2010-11,High School,English Primary Language,English Primary Language,13737,78.00,01/01/2010 12:00:00 AM
2010-11,High School,Ethnicity,African American,910,5.20,01/01/2010 12:00:00 AM
2010-11,High School,Ethnicity,Asian,474,2.70,01/01/2010 12:00:00 AM
2010-11,High School,Ethnicity,Hispanic,5890,33.50,01/01/2010 12:00:00 AM
2010-11,High School,Ethnicity,Native American,683,3.90,01/01/2010 12:00:00 AM
2010-11,High School,Ethnicity,Pacific Islander,38,0.20,01/01/2010 12:00:00 AM
2010-11,High School,Ethnicity,White,9610,54.60,01/01/2010 12:00:00 AM
2010-11,High School,Free or Reduced Lunch,Free or Reduced Lunch,,45.00,01/01/2010 12:00:00 AM
2010-11,High School,One Parent Families,One Parent Families,3858,21.90,01/01/2010 12:00:00 AM
2010-11,High School,Single Family Home,Single Family Home,13286,75.40,01/01/2010 12:00:00 AM
2010-11,Junior High School,English Primary Language,English Primary Language,9322,75.40,01/01/2010 12:00:00 AM
2010-11,Junior High School,Ethnicity,African American,641,5.20,01/01/2010 12:00:00 AM
2010-11,Junior High School,Ethnicity,Asian,238,1.90,01/01/2010 12:00:00 AM
2010-11,Junior High School,Ethnicity,Hispanic,4549,36.90,01/01/2010 12:00:00 AM
2010-11,Junior High School,Ethnicity,Native American,527,4.30,01/01/2010 12:00:00 AM
2010-11,Junior High School,Ethnicity,Pacific Islander,34,0.30,01/01/2010 12:00:00 AM
2010-11,Junior High School,Ethnicity,White,6344,51.40,01/01/2010 12:00:00 AM
2010-11,Junior High School,Free or Reduced Lunch,Free or Reduced Lunch,,58.10,01/01/2010 12:00:00 AM
2010-11,Junior High School,One Parent Families,One Parent Families,2750,22.20,01/01/2010 12:00:00 AM
2010-11,Junior High School,Single Family Home,Single Family Home,8727,70.60,01/01/2010 12:00:00 AM
2011-12,Choice/Success,English Primary Language,English Primary Language,3549,88.80,01/01/2011 12:00:00 AM
2011-12,Choice/Success,Ethnicity,African American,200,5.00,01/01/2011 12:00:00 AM
2011-12,Choice/Success,Ethnicity,Asian,116,2.90,01/01/2011 12:00:00 AM
2011-12,Choice/Success,Ethnicity,Native American,159,4.00,01/01/2011 12:00:00 AM
2011-12,Choice/Success,Ethnicity,Pacific Islander,7,0.20,01/01/2011 12:00:00 AM
2011-12,Choice/Success,Ethnicity,White,2481,62.50,01/01/2011 12:00:00 AM
2011-12,Choice/Success,Free or Reduced Lunch,Free or Reduced Lunch,,48.40,01/01/2011 12:00:00 AM
2011-12,Choice/Success,One Parent Families,One Parent Families,541,13.50,01/01/2011 12:00:00 AM
2011-12,Choice/Success,Single Family Home,Single Family Home,2381,59.60,01/01/2011 12:00:00 AM
2011-12,Elementary,English Primary Language,English Primary Language,28242,72.80,01/01/2011 12:00:00 AM
2011-12,Elementary,Ethnicity,African American,1822,4.70,01/01/2011 12:00:00 AM
2011-12,Elementary,Ethnicity,Asian,590,1.50,01/01/2011 12:00:00 AM
2011-12,Elementary,Ethnicity,Hispanic,16307,42.40,01/01/2011 12:00:00 AM
2011-12,Elementary,Ethnicity,Native American,1904,5.00,01/01/2011 12:00:00 AM
2011-12,Elementary,Ethnicity,Pacific Islander,201,0.50,01/01/2011 12:00:00 AM
2011-12,Elementary,Ethnicity,White,17593,45.80,01/01/2011 12:00:00 AM
2011-12,Elementary,Free or Reduced Lunch,Free or Reduced Lunch,,65.80,01/01/2011 12:00:00 AM
2011-12,Elementary,One Parent Families,One Parent Families,8402,21.70,01/01/2011 12:00:00 AM
2011-12,Elementary,Single Family Home,Single Family Home,24520,63.20,01/01/2011 12:00:00 AM
2011-12,High School,English Primary Language,English Primary Language,15407,77.40,01/01/2011 12:00:00 AM
2011-12,High School,Ethnicity,African American,1048,5.30,01/01/2011 12:00:00 AM
2011-12,High School,Ethnicity,Asian,489,2.50,01/01/2011 12:00:00 AM
2011-12,High School,Ethnicity,Hispanic,6847,34.50,01/01/2011 12:00:00 AM
2011-12,High School,Ethnicity,Native American,697,3.50,01/01/2011 12:00:00 AM
2011-12,High School,Ethnicity,Pacific Islander,61,0.30,01/01/2011 12:00:00 AM
2011-12,High School,Ethnicity,White,10704,53.90,01/01/2011 12:00:00 AM
2011-12,High School,Free or Reduced Lunch,Free or Reduced Lunch,,47.50,01/01/2011 12:00:00 AM
2011-12,High School,One Parent Families,One Parent Families,4361,21.90,01/01/2011 12:00:00 AM
2011-12,High School,Single Family Home,Single Family Home,14903,74.90,01/01/2011 12:00:00 AM
2011-12,Junior High School,English Primary Language,English Primary Language,7283,74.20,01/01/2011 12:00:00 AM
2011-12,Junior High School,Ethnicity,African American,525,5.40,01/01/2011 12:00:00 AM
2011-12,Junior High School,Ethnicity,Asian,196,2.00,01/01/2011 12:00:00 AM
2011-12,Junior High School,Ethnicity,Hispanic,3882,39.70,01/01/2011 12:00:00 AM
2011-12,Junior High School,Ethnicity,Native American,456,4.70,01/01/2011 12:00:00 AM
2011-12,Junior High School,Ethnicity,Pacific Islander,32,0.30,01/01/2011 12:00:00 AM
2011-12,Junior High School,Ethnicity,White,4684,47.90,01/01/2011 12:00:00 AM
2011-12,Junior High School,Free or Reduced Lunch,Free or Reduced Lunch,,61.00,01/01/2011 12:00:00 AM
2011-12,Junior High School,One Parent Families,One Parent Families,2319,23.60,01/01/2011 12:00:00 AM
2011-12,Junior High School,Single Family Home,Single Family Home,6758,68.80,01/01/2011 12:00:00 AM
2012-13,Choice/Success,English Primary Language,English Primary Language,6788,87.10,01/01/2012 12:00:00 AM
2012-13,Choice/Success,Ethnicity,African American,320,4.20,01/01/2012 12:00:00 AM
2012-13,Choice/Success,Ethnicity,Asian,169,2.20,01/01/2012 12:00:00 AM
2012-13,Choice/Success,Ethnicity,Hispanic,1959,26.00,01/01/2012 12:00:00 AM
2012-13,Choice/Success,Ethnicity,Multi-Ethnicity,87,1.20,01/01/2012 12:00:00 AM
2012-13,Choice/Success,Ethnicity,Native American,243,3.20,01/01/2012 12:00:00 AM
2012-13,Choice/Success,Ethnicity,Pacific Islander,41,0.50,01/01/2012 12:00:00 AM
2012-13,Choice/Success,Ethnicity,White,4719,62.60,01/01/2012 12:00:00 AM
2012-13,Choice/Success,Free or Reduced Lunch,Free or Reduced Lunch,,45.80,01/01/2012 12:00:00 AM
2012-13,Choice/Success,One Parent Families,One Parent Families,1075,13.80,01/01/2012 12:00:00 AM
2012-13,Choice/Success,Single Family Home,Single Family Home,4741,60.80,01/01/2012 12:00:00 AM
2012-13,Elementary,English Primary Language,English Primary Language,25678,71.70,01/01/2012 12:00:00 AM
2012-13,Elementary,Ethnicity,African American,1632,4.60,01/01/2012 12:00:00 AM
2012-13,Elementary,Ethnicity,Asian,478,1.30,01/01/2012 12:00:00 AM
2012-13,Elementary,Ethnicity,Hispanic,15926,44.50,01/01/2012 12:00:00 AM
2012-13,Elementary,Ethnicity,Multi-Ethnicity,545,1.50,01/01/2012 12:00:00 AM
2012-13,Elementary,Ethnicity,Native American,1814,5.10,01/01/2012 12:00:00 AM
2012-13,Elementary,Ethnicity,Pacific Islander,204,0.60,01/01/2012 12:00:00 AM
2012-13,Elementary,Ethnicity,White,15210,42.50,01/01/2012 12:00:00 AM
2012-13,Elementary,Free or Reduced Lunch,Free or Reduced Lunch,,65.50,01/01/2012 12:00:00 AM
2012-13,Elementary,One Parent Families,One Parent Families,8250,23.00,01/01/2012 12:00:00 AM
2012-13,Elementary,Single Family Home,Single Family Home,21770,60.80,01/01/2012 12:00:00 AM
2012-13,High School,English Primary Language,English Primary Language,14961,76.90,01/01/2012 12:00:00 AM
2012-13,High School,Ethnicity,African American,1041,5.40,01/01/2012 12:00:00 AM
2012-13,High School,Ethnicity,Asian,458,2.40,01/01/2012 12:00:00 AM
2012-13,High School,Ethnicity,Hispanic,6947,35.70,01/01/2012 12:00:00 AM
2012-13,High School,Ethnicity,Multi-Ethnicity,84,0.40,01/01/2012 12:00:00 AM
2012-13,High School,Ethnicity,Native American,692,3.60,01/01/2012 12:00:00 AM
2012-13,High School,Ethnicity,Pacific Islander,84,0.40,01/01/2012 12:00:00 AM
2012-13,High School,Ethnicity,White,10149,52.20,01/01/2012 12:00:00 AM
2012-13,High School,Free or Reduced Lunch,Free or Reduced Lunch,,49.60,01/01/2012 12:00:00 AM
2012-13,High School,One Parent Families,One Parent Families,4148,21.30,01/01/2012 12:00:00 AM
2012-13,High School,Single Family Home,Single Family Home,14177,72.90,01/01/2012 12:00:00 AM
2012-13,Junior High School,English Primary Language,English Primary Language,7066,73.20,01/01/2012 12:00:00 AM
2012-13,Junior High School,Ethnicity,African American,480,5.00,01/01/2012 12:00:00 AM
2012-13,Junior High School,Ethnicity,Asian,155,1.60,01/01/2012 12:00:00 AM
2012-13,Junior High School,Ethnicity,Hispanic,3935,40.80,01/01/2012 12:00:00 AM
2012-13,Junior High School,Ethnicity,Multi-Ethnicity,71,0.70,01/01/2012 12:00:00 AM
2012-13,Junior High School,Ethnicity,Native American,471,4.90,01/01/2012 12:00:00 AM
2012-13,Junior High School,Ethnicity,Pacific Islander,36,0.40,01/01/2012 12:00:00 AM
2012-13,Junior High School,Ethnicity,White,4505,46.70,01/01/2012 12:00:00 AM
2012-13,Junior High School,Free or Reduced Lunch,Free or Reduced Lunch,,61.00,01/01/2012 12:00:00 AM
2012-13,Junior High School,One Parent Families,One Parent Families,2242,23.20,01/01/2012 12:00:00 AM
2012-13,Junior High School,Single Family Home,Single Family Home,6538,67.70,01/01/2012 12:00:00 AM
2013-14,Choice/Success,English Primary Language,English Primary Language,6829,86.40,01/01/2013 12:00:00 AM
2013-14,Choice/Success,Ethnicity,African American,262,3.40,01/01/2013 12:00:00 AM
2013-14,Choice/Success,Ethnicity,Asian,169,2.20,01/01/2013 12:00:00 AM
2013-14,Choice/Success,Ethnicity,Hispanic,2089,27.30,01/01/2013 12:00:00 AM
2013-14,Choice/Success,Ethnicity,Multi-Ethnicity,111,1.40,01/01/2013 12:00:00 AM
2013-14,Choice/Success,Ethnicity,Native American,239,3.10,01/01/2013 12:00:00 AM
2013-14,Choice/Success,Ethnicity,Pacific Islander,54,0.70,01/01/2013 12:00:00 AM
2013-14,Choice/Success,Ethnicity,White,4742,61.90,01/01/2013 12:00:00 AM
2013-14,Choice/Success,Free or Reduced Lunch,Free or Reduced Lunch,,42.20,01/01/2013 12:00:00 AM
2013-14,Choice/Success,One Parent Families,One Parent Families,1078,13.60,01/01/2013 12:00:00 AM
2013-14,Choice/Success,Single Family Home,Single Family Home,4588,58.10,01/01/2013 12:00:00 AM
2013-14,Elementary,English Primary Language,English Primary Language,25210,72.10,01/01/2013 12:00:00 AM
2013-14,Elementary,Ethnicity,African American,1496,4.30,01/01/2013 12:00:00 AM
2013-14,Elementary,Ethnicity,Asian,409,1.20,01/01/2013 12:00:00 AM
2013-14,Elementary,Ethnicity,Hispanic,15751,45.00,01/01/2013 12:00:00 AM
2013-14,Elementary,Ethnicity,Multi-Ethnicity,666,1.90,01/01/2013 12:00:00 AM
2013-14,Elementary,Ethnicity,Native American,1782,5.10,01/01/2013 12:00:00 AM
2013-14,Elementary,Ethnicity,Pacific Islander,205,0.60,01/01/2013 12:00:00 AM
2013-14,Elementary,Ethnicity,White,14658,41.90,01/01/2013 12:00:00 AM
2013-14,Elementary,Free or Reduced Lunch,Free or Reduced Lunch,,68.00,01/01/2013 12:00:00 AM
2013-14,Elementary,One Parent Families,One Parent Families,8041,23.00,01/01/2013 12:00:00 AM
2013-14,Elementary,Single Family Home,Single Family Home,20668,59.10,01/01/2013 12:00:00 AM
2013-14,High School,English Primary Language,English Primary Language,14753,76.10,01/01/2013 12:00:00 AM
2013-14,High School,Ethnicity,African American,1026,5.30,01/01/2013 12:00:00 AM
2013-14,High School,Ethnicity,Asian,424,2.20,01/01/2013 12:00:00 AM
2013-14,High School,Ethnicity,Hispanic,7199,37.10,01/01/2013 12:00:00 AM
2013-14,High School,Ethnicity,Multi-Ethnicity,98,0.50,01/01/2013 12:00:00 AM
2013-14,High School,Ethnicity,Native American,737,3.80,01/01/2013 12:00:00 AM
2013-14,High School,Ethnicity,Pacific Islander,80,0.40,01/01/2013 12:00:00 AM
2013-14,High School,Ethnicity,White,9824,50.70,01/01/2013 12:00:00 AM
2013-14,High School,Free or Reduced Lunch,Free or Reduced Lunch,,50.40,01/01/2013 12:00:00 AM
2013-14,High School,One Parent Families,One Parent Families,4320,22.30,01/01/2013 12:00:00 AM
2013-14,High School,Single Family Home,Single Family Home,13954,72.00,01/01/2013 12:00:00 AM
2013-14,Junior High School,English Primary Language,English Primary Language,6818,71.60,01/01/2013 12:00:00 AM
2013-14,Junior High School,Ethnicity,African American,438,4.60,01/01/2013 12:00:00 AM
2013-14,Junior High School,Ethnicity,Asian,139,1.50,01/01/2013 12:00:00 AM
2013-14,Junior High School,Ethnicity,Hispanic,4046,42.50,01/01/2013 12:00:00 AM
2013-14,Junior High School,Ethnicity,Multi-Ethnicity,91,1.00,01/01/2013 12:00:00 AM
2013-14,Junior High School,Ethnicity,Native American,497,5.20,01/01/2013 12:00:00 AM
2013-14,Junior High School,Ethnicity,Pacific Islander,47,0.50,01/01/2013 12:00:00 AM
2013-14,Junior High School,Ethnicity,White,4266,44.80,01/01/2013 12:00:00 AM
2013-14,Junior High School,Free or Reduced Lunch,Free or Reduced Lunch,,62.40,01/01/2013 12:00:00 AM
2013-14,Junior High School,One Parent Families,One Parent Families,2280,23.90,01/01/2013 12:00:00 AM
2013-14,Junior High School,Single Family Home,Single Family Home,6354,66.70,01/01/2013 12:00:00 AM
2014-15,Choice/Success,English Primary Language,English Primary Language,6621,88.60,01/01/2014 12:00:00 AM
2014-15,Choice/Success,Ethnicity,African American,235,3.10,01/01/2014 12:00:00 AM
2014-15,Choice/Success,Ethnicity,Asian,153,2.00,01/01/2014 12:00:00 AM
2014-15,Choice/Success,Ethnicity,Hispanic,2177,29.10,01/01/2014 12:00:00 AM
2014-15,Choice/Success,Ethnicity,Multi-Ethnicity,136,1.80,01/01/2014 12:00:00 AM
2014-15,Choice/Success,Ethnicity,Native American,229,3.10,01/01/2014 12:00:00 AM
2014-15,Choice/Success,Ethnicity,Pacific Islander,55,0.70,01/01/2014 12:00:00 AM
2014-15,Choice/Success,Ethnicity,White,4484,60.00,01/01/2014 12:00:00 AM
2014-15,Choice/Success,Free or Reduced Lunch,Free or Reduced Lunch,,41.60,01/01/2014 12:00:00 AM
2014-15,Choice/Success,One Parent Families,One Parent Families,1080,14.50,01/01/2014 12:00:00 AM
2014-15,Choice/Success,Single Family Home,Single Family Home,4569,61.20,01/01/2014 12:00:00 AM
2014-15,Elementary,English Primary Language,English Primary Language,23116,71.80,01/01/2014 12:00:00 AM
2014-15,Elementary,Ethnicity,African American,1313,4.10,01/01/2014 12:00:00 AM
2014-15,Elementary,Ethnicity,Asian,347,1.10,01/01/2014 12:00:00 AM
2014-15,Elementary,Ethnicity,Hispanic,14686,45.60,01/01/2014 12:00:00 AM
2014-15,Elementary,Ethnicity,Multi-Ethnicity,695,2.20,01/01/2014 12:00:00 AM
2014-15,Elementary,Ethnicity,Native American,1491,4.60,01/01/2014 12:00:00 AM
2014-15,Elementary,Ethnicity,Pacific Islander,223,0.70,01/01/2014 12:00:00 AM
2014-15,Elementary,Ethnicity,White,13422,41.70,01/01/2014 12:00:00 AM
2014-15,Elementary,Free or Reduced Lunch,Free or Reduced Lunch,,66.50,01/01/2014 12:00:00 AM
2014-15,Elementary,One Parent Families,One Parent Families,6937,21.60,01/01/2014 12:00:00 AM
2014-15,Elementary,Single Family Home,Single Family Home,18920,58.80,01/01/2014 12:00:00 AM
2014-15,High School,English Primary Language,English Primary Language,13985,74.70,01/01/2014 12:00:00 AM
2014-15,High School,Ethnicity,African American,946,5.10,01/01/2014 12:00:00 AM
2014-15,High School,Ethnicity,Asian,399,2.10,01/01/2014 12:00:00 AM
2014-15,High School,Ethnicity,Hispanic,7152,38.20,01/01/2014 12:00:00 AM
2014-15,High School,Ethnicity,Multi-Ethnicity,118,0.60,01/01/2014 12:00:00 AM
2014-15,High School,Ethnicity,Native American,743,4.00,01/01/2014 12:00:00 AM
2014-15,High School,Ethnicity,Pacific Islander,83,0.40,01/01/2014 12:00:00 AM
2014-15,High School,Ethnicity,White,9289,49.60,01/01/2014 12:00:00 AM
2014-15,High School,Free or Reduced Lunch,Free or Reduced Lunch,,61.70,01/01/2014 12:00:00 AM
2014-15,High School,One Parent Families,One Parent Families,4033,21.50,01/01/2014 12:00:00 AM
2014-15,High School,Single Family Home,Single Family Home,13264,70.80,01/01/2014 12:00:00 AM
2014-15,Junior High School,English Primary Language,English Primary Language,6186,69.60,01/01/2014 12:00:00 AM
2014-15,Junior High School,Ethnicity,African American,390,4.40,01/01/2014 12:00:00 AM
2014-15,Junior High School,Ethnicity,Asian,131,1.50,01/01/2014 12:00:00 AM
2014-15,Junior High School,Ethnicity,Hispanic,3918,44.10,01/01/2014 12:00:00 AM
2014-15,Junior High School,Ethnicity,Multi-Ethnicity,94,1.10,01/01/2014 12:00:00 AM
2014-15,Junior High School,Ethnicity,Native American,465,5.20,01/01/2014 12:00:00 AM
2014-15,Junior High School,Ethnicity,Pacific Islander,48,0.50,01/01/2014 12:00:00 AM
2014-15,Junior High School,Ethnicity,White,3844,43.20,01/01/2014 12:00:00 AM
2014-15,Junior High School,Free or Reduced Lunch,Free or Reduced Lunch,,63.00,01/01/2014 12:00:00 AM
2014-15,Junior High School,One Parent Families,One Parent Families,2058,23.10,01/01/2014 12:00:00 AM
2014-15,Junior High School,Single Family Home,Single Family Home,5737,64.50,01/01/2014 12:00:00 AM
2015-16,Choice/Success,English Primary Language,English Primary Language,6946,85.70,01/01/2015 12:00:00 AM
2015-16,Choice/Success,Ethnicity,African American,304,3.80,01/01/2015 12:00:00 AM
2015-16,Choice/Success,Ethnicity,Hispanic,2428,30.00,01/01/2015 12:00:00 AM
2015-16,Choice/Success,Ethnicity,Multi-Ethnicity,143,1.80,01/01/2015 12:00:00 AM
2015-16,Choice/Success,Ethnicity,Native American,235,2.90,01/01/2015 12:00:00 AM
2015-16,Choice/Success,Ethnicity,Pacific Islander,66,0.80,01/01/2015 12:00:00 AM
2015-16,Choice/Success,Ethnicity,White,4771,58.90,01/01/2015 12:00:00 AM
2015-16,Choice/Success,Free or Reduced Lunch,Free or Reduced Lunch,,43.50,01/01/2015 12:00:00 AM
2015-16,Choice/Success,One Parent Families,One Parent Families,1212,15.00,01/01/2015 12:00:00 AM
2015-16,Choice/Success,Single Family Home,Single Family Home,4422,54.60,01/01/2015 12:00:00 AM
2015-16,Elementary,English Primary Language,English Primary Language,24993,72.60,01/01/2015 12:00:00 AM
2015-16,Elementary,Ethnicity,African American,1612,4.70,01/01/2015 12:00:00 AM
2015-16,Elementary,Ethnicity,Asian,309,0.90,01/01/2015 12:00:00 AM
2015-16,Elementary,Ethnicity,Hispanic,15792,46.00,01/01/2015 12:00:00 AM
2015-16,Elementary,Ethnicity,Multi-Ethnicity,861,2.50,01/01/2015 12:00:00 AM
2015-16,Elementary,Ethnicity,Native American,1634,4.80,01/01/2015 12:00:00 AM
2015-16,Elementary,Ethnicity,Pacific Islander,247,0.70,01/01/2015 12:00:00 AM
2015-16,Elementary,Ethnicity,White,13895,40.50,01/01/2015 12:00:00 AM
2015-16,Elementary,Free or Reduced Lunch,Free or Reduced Lunch,,65.10,01/01/2015 12:00:00 AM
2015-16,Elementary,One Parent Families,One Parent Families,7648,22.30,01/01/2015 12:00:00 AM
2015-16,Elementary,Single Family Home,Single Family Home,19281,56.10,01/01/2015 12:00:00 AM
2015-16,High School,English Primary Language,English Primary Language,14488,73.70,01/01/2015 12:00:00 AM
2015-16,High School,Ethnicity,African American,969,4.90,01/01/2015 12:00:00 AM
2015-16,High School,Ethnicity,Asian,411,2.10,01/01/2015 12:00:00 AM
2015-16,High School,Ethnicity,Hispanic,7845,39.90,01/01/2015 12:00:00 AM
2015-16,High School,Ethnicity,Multi-Ethnicity,188,1.00,01/01/2015 12:00:00 AM
2015-16,High School,Ethnicity,Native American,833,4.20,01/01/2015 12:00:00 AM
2015-16,High School,Ethnicity,Pacific Islander,100,0.50,01/01/2015 12:00:00 AM
2015-16,High School,Ethnicity,White,9324,47.40,01/01/2015 12:00:00 AM
2015-16,High School,Free or Reduced Lunch,Free or Reduced Lunch,,53.10,01/01/2015 12:00:00 AM
2015-16,High School,One Parent Families,One Parent Families,4208,21.40,01/01/2015 12:00:00 AM
2015-16,High School,Single Family Home,Single Family Home,13407,68.20,01/01/2015 12:00:00 AM
2015-16,Junior High School,English Primary Language,English Primary Language,6505,69.60,01/01/2015 12:00:00 AM
2015-16,Junior High School,Ethnicity,African American,450,4.80,01/01/2015 12:00:00 AM
2015-16,Junior High School,Ethnicity,Asian,150,1.60,01/01/2015 12:00:00 AM
2015-16,Junior High School,Ethnicity,Hispanic,4192,44.80,01/01/2015 12:00:00 AM
2015-16,Junior High School,Ethnicity,Multi-Ethnicity,108,1.20,01/01/2015 12:00:00 AM
2015-16,Junior High School,Ethnicity,Native American,498,5.30,01/01/2015 12:00:00 AM
2015-16,Junior High School,Ethnicity,Pacific Islander,39,0.40,01/01/2015 12:00:00 AM
2015-16,Junior High School,Ethnicity,White,3911,41.80,01/01/2015 12:00:00 AM
2015-16,Junior High School,Free or Reduced Lunch,Free or Reduced Lunch,,64.10,01/01/2015 12:00:00 AM
2015-16,Junior High School,One Parent Families,One Parent Families,2129,22.80,01/01/2015 12:00:00 AM
2015-16,Junior High School,Single Family Home,Single Family Home,5796,62.00,01/01/2015 12:00:00 AM
2016-17,Choice/Success,English Primary Language,English Primary Language,7637,83.80,01/01/2016 12:00:00 AM
2016-17,Choice/Success,Ethnicity,African American,365,5.70,01/01/2016 12:00:00 AM
2016-17,Choice/Success,Ethnicity,Asian,176,1.80,01/01/2016 12:00:00 AM
2016-17,Choice/Success,Ethnicity,Hispanic,2798,32.90,01/01/2016 12:00:00 AM
2016-17,Choice/Success,Ethnicity,Multi-Ethnicity,199,2.40,01/01/2016 12:00:00 AM
2016-17,Choice/Success,Ethnicity,Native American,250,4.20,01/01/2016 12:00:00 AM
2016-17,Choice/Success,Ethnicity,Pacific Islander,73,0.50,01/01/2016 12:00:00 AM
2016-17,Choice/Success,Ethnicity,White,5123,52.20,01/01/2016 12:00:00 AM
2016-17,Choice/Success,Free or Reduced Lunch,Free or Reduced Lunch,,38.40,01/01/2016 12:00:00 AM
2016-17,Choice/Success,One Parent Families,One Parent Families,1195,18.70,01/01/2016 12:00:00 AM
2016-17,Choice/Success,Single Family Home,Single Family Home,4279,48.40,01/01/2016 12:00:00 AM
2016-17,Elementary,English Primary Language,English Primary Language,24447,73.40,01/01/2016 12:00:00 AM
2016-17,Elementary,Ethnicity,African American,1656,5.10,01/01/2016 12:00:00 AM
2016-17,Elementary,Ethnicity,Asian,282,0.90,01/01/2016 12:00:00 AM
2016-17,Elementary,Ethnicity,Hispanic,15776,46.50,01/01/2016 12:00:00 AM
2016-17,Elementary,Ethnicity,Multi-Ethnicity,928,3.00,01/01/2016 12:00:00 AM
2016-17,Elementary,Ethnicity,Native American,1493,4.50,01/01/2016 12:00:00 AM
2016-17,Elementary,Ethnicity,Pacific Islander,257,0.70,01/01/2016 12:00:00 AM
2016-17,Elementary,Ethnicity,White,13246,39.30,01/01/2016 12:00:00 AM
2016-17,Elementary,Free or Reduced Lunch,Free or Reduced Lunch,,68.20,01/01/2016 12:00:00 AM
2016-17,Elementary,One Parent Families,One Parent Families,7123,21.80,01/01/2016 12:00:00 AM
2016-17,Elementary,Single Family Home,Single Family Home,17833,53.40,01/01/2016 12:00:00 AM
2016-17,High School,English Primary Language,English Primary Language,14342,72.40,01/01/2016 12:00:00 AM
2016-17,High School,Ethnicity,African American,921,4.70,01/01/2016 12:00:00 AM
2016-17,High School,Ethnicity,Asian,457,2.30,01/01/2016 12:00:00 AM
2016-17,High School,Ethnicity,Hispanic,8402,42.00,01/01/2016 12:00:00 AM
2016-17,High School,Ethnicity,Multi-Ethnicity,232,1.20,01/01/2016 12:00:00 AM
2016-17,High School,Ethnicity,Native American,823,4.10,01/01/2016 12:00:00 AM
2016-17,High School,Ethnicity,Pacific Islander,58,0.30,01/01/2016 12:00:00 AM
2016-17,High School,Ethnicity,White,9035,45.40,01/01/2016 12:00:00 AM
2016-17,High School,Free or Reduced Lunch,Free or Reduced Lunch,,53.90,01/01/2016 12:00:00 AM
2016-17,High School,One Parent Families,One Parent Families,4215,21.30,01/01/2016 12:00:00 AM
2016-17,High School,Single Family Home,Single Family Home,13282,66.80,01/01/2016 12:00:00 AM
2016-17,Junior High School,English Primary Language,English Primary Language,6571,71.40,01/01/2016 12:00:00 AM
2016-17,Junior High School,Ethnicity,African American,512,5.40,01/01/2016 12:00:00 AM
2016-17,Junior High School,Ethnicity,Asian,133,1.40,01/01/2016 12:00:00 AM
2016-17,Junior High School,Ethnicity,Hispanic,4203,43.60,01/01/2016 12:00:00 AM
2016-17,Junior High School,Ethnicity,Multi-Ethnicity,138,1.50,01/01/2016 12:00:00 AM
2016-17,Junior High School,Ethnicity,Native American,469,4.80,01/01/2016 12:00:00 AM
2016-17,Junior High School,Ethnicity,Pacific Islander,35,0.40,01/01/2016 12:00:00 AM
2016-17,Junior High School,Ethnicity,White,3864,42.70,01/01/2016 12:00:00 AM
2016-17,Junior High School,Free or Reduced Lunch,Free or Reduced Lunch,,62.30,01/01/2016 12:00:00 AM
2016-17,Junior High School,One Parent Families,One Parent Families,2123,22.60,01/01/2016 12:00:00 AM
2016-17,Junior High School,Single Family Home,Single Family Home,5709,62.00,01/01/2016 12:00:00 AM
2017-18,Choice/Success,English Primary Language,English Primary Language,7045,84.70,01/01/2017 12:00:00 AM
2017-18,Choice/Success,Ethnicity,African American,348,4.20,01/01/2017 12:00:00 AM
2017-18,Choice/Success,Ethnicity,Asian,159,1.90,01/01/2017 12:00:00 AM
2017-18,Choice/Success,Ethnicity,Hispanic,2673,32.10,01/01/2017 12:00:00 AM
2017-18,Choice/Success,Ethnicity,Multi-Ethnicity,223,2.70,01/01/2017 12:00:00 AM
2017-18,Choice/Success,Ethnicity,Native American,221,2.70,01/01/2017 12:00:00 AM
2017-18,Choice/Success,Ethnicity,Pacific Islander,78,0.90,01/01/2017 12:00:00 AM
2017-18,Choice/Success,Ethnicity,White,4617,55.50,01/01/2017 12:00:00 AM
2017-18,Choice/Success,Free or Reduced Lunch,Free or Reduced Lunch,,32.40,01/01/2017 12:00:00 AM
2017-18,Choice/Success,One Parent Families,One Parent Families,1101,13.20,01/01/2017 12:00:00 AM
2017-18,Choice/Success,Single Family Home,Single Family Home,3813,45.80,01/01/2017 12:00:00 AM
2017-18,Elementary,English Primary Language,English Primary Language,24498,73.30,01/01/2017 12:00:00 AM
2017-18,Elementary,Ethnicity,African American,1708,5.10,01/01/2017 12:00:00 AM
2017-18,Elementary,Ethnicity,Asian,268,0.80,01/01/2017 12:00:00 AM
2017-18,Elementary,Ethnicity,Hispanic,15583,46.70,01/01/2017 12:00:00 AM
2017-18,Elementary,Ethnicity,Multi-Ethnicity,1022,3.10,01/01/2017 12:00:00 AM
2017-18,Elementary,Ethnicity,Native American,1529,4.60,01/01/2017 12:00:00 AM
2017-18,Elementary,Ethnicity,Pacific Islander,270,0.80,01/01/2017 12:00:00 AM
2017-18,Elementary,Ethnicity,White,13021,39.00,01/01/2017 12:00:00 AM
2017-18,Elementary,Free or Reduced Lunch,Free or Reduced Lunch,,66.50,01/01/2017 12:00:00 AM
2017-18,Elementary,One Parent Families,One Parent Families,6625,19.80,01/01/2017 12:00:00 AM
2017-18,Elementary,Single Family Home,Single Family Home,16661,49.90,01/01/2017 12:00:00 AM
2017-18,High School,English Primary Language,English Primary Language,14299,70.90,01/01/2017 12:00:00 AM
2017-18,High School,Ethnicity,African American,959,4.80,01/01/2017 12:00:00 AM
2017-18,High School,Ethnicity,Asian,459,2.30,01/01/2017 12:00:00 AM
2017-18,High School,Ethnicity,Hispanic,8683,43.10,01/01/2017 12:00:00 AM
2017-18,High School,Ethnicity,Multi-Ethnicity,266,1.30,01/01/2017 12:00:00 AM
2017-18,High School,Ethnicity,Native American,880,4.40,01/01/2017 12:00:00 AM
2017-18,High School,Ethnicity,Pacific Islander,60,0.30,01/01/2017 12:00:00 AM
2017-18,High School,Ethnicity,White,8859,43.90,01/01/2017 12:00:00 AM
2017-18,High School,Free or Reduced Lunch,Free or Reduced Lunch,,53.30,01/01/2017 12:00:00 AM
2017-18,High School,One Parent Families,One Parent Families,4155,20.60,01/01/2017 12:00:00 AM
2017-18,High School,Single Family Home,Single Family Home,12991,64.40,01/01/2017 12:00:00 AM
2017-18,Junior High School,English Primary Language,English Primary Language,6702,70.60,01/01/2017 12:00:00 AM
2017-18,Junior High School,Ethnicity,African American,488,5.10,01/01/2017 12:00:00 AM
2017-18,Junior High School,Ethnicity,Asian,110,1.20,01/01/2017 12:00:00 AM
2017-18,Junior High School,Ethnicity,Hispanic,4407,46.40,01/01/2017 12:00:00 AM
2017-18,Junior High School,Ethnicity,Multi-Ethnicity,154,1.60,01/01/2017 12:00:00 AM
2017-18,Junior High School,Ethnicity,Native American,467,4.90,01/01/2017 12:00:00 AM
2017-18,Junior High School,Ethnicity,Pacific Islander,52,0.50,01/01/2017 12:00:00 AM
2017-18,Junior High School,Ethnicity,White,3814,40.20,01/01/2017 12:00:00 AM
2017-18,Junior High School,Free or Reduced Lunch,Free or Reduced Lunch,,62.30,01/01/2017 12:00:00 AM
2017-18,Junior High School,One Parent Families,One Parent Families,2038,21.50,01/01/2017 12:00:00 AM
2017-18,Junior High School,Single Family Home,Single Family Home,5515,58.70,01/01/2017 12:00:00 AM
2018-19,Choice/Success,English Primary Language,English Primary Language,7273,84.40,01/01/2018 12:00:00 AM
2018-19,Choice/Success,Ethnicity,African American,398,4.60,01/01/2018 12:00:00 AM
2018-19,Choice/Success,Ethnicity,Asian,145,1.70,01/01/2018 12:00:00 AM
2018-19,Choice/Success,Ethnicity,Hispanic,2927,34.00,01/01/2018 12:00:00 AM
2018-19,Choice/Success,Ethnicity,Multi-Ethnicity,294,3.40,01/01/2018 12:00:00 AM
2018-19,Choice/Success,Ethnicity,Native American,261,3.00,01/01/2018 12:00:00 AM
2018-19,Choice/Success,Ethnicity,Pacific Islander,72,0.80,01/01/2018 12:00:00 AM
2018-19,Choice/Success,Ethnicity,White,4523,52.50,01/01/2018 12:00:00 AM
2018-19,Choice/Success,Free or Reduced Lunch,Free or Reduced Lunch,,36.30,01/01/2018 12:00:00 AM
2018-19,Choice/Success,One Parent Families,One Parent Families,1200,13.90,01/01/2018 12:00:00 AM
2018-19,Choice/Success,Single Family Home,Single Family Home,3798,44.10,01/01/2018 12:00:00 AM
2018-19,Elementary,English Primary Language,English Primary Language,25092,74.30,01/01/2018 12:00:00 AM
2018-19,Elementary,Ethnicity,African American,1902,5.60,01/01/2018 12:00:00 AM
2018-19,Elementary,Ethnicity,Asian,265,0.80,01/01/2018 12:00:00 AM
2018-19,Elementary,Ethnicity,Hispanic,15651,46.40,01/01/2018 12:00:00 AM
2018-19,Elementary,Ethnicity,Multi-Ethnicity,1147,3.40,01/01/2018 12:00:00 AM
2018-19,Elementary,Ethnicity,Native American,1500,4.40,01/01/2018 12:00:00 AM
2018-19,Elementary,Ethnicity,Pacific Islander,286,0.80,01/01/2018 12:00:00 AM
2018-19,Elementary,Ethnicity,White,13010,38.50,01/01/2018 12:00:00 AM
2018-19,Elementary,Free or Reduced Lunch,Free or Reduced Lunch,,64.80,01/01/2018 12:00:00 AM
2018-19,Elementary,One Parent Families,One Parent Families,6723,19.90,01/01/2018 12:00:00 AM
2018-19,Elementary,Single Family Home,Single Family Home,15344,45.40,01/01/2018 12:00:00 AM
2018-19,High School,English Primary Language,English Primary Language,14200,70.40,01/01/2018 12:00:00 AM
2018-19,High School,Ethnicity,African American,1002,5.00,01/01/2018 12:00:00 AM
2018-19,High School,Ethnicity,Asian,429,2.10,01/01/2018 12:00:00 AM
2018-19,High School,Ethnicity,Hispanic,8864,44.00,01/01/2018 12:00:00 AM
2018-19,High School,Ethnicity,Multi-Ethnicity,308,1.50,01/01/2018 12:00:00 AM
2018-19,High School,Ethnicity,Native American,871,4.30,01/01/2018 12:00:00 AM
2018-19,High School,Ethnicity,Pacific Islander,73,0.40,01/01/2018 12:00:00 AM
2018-19,High School,Ethnicity,White,8612,42.70,01/01/2018 12:00:00 AM
2018-19,High School,Free or Reduced Lunch,Free or Reduced Lunch,,51.70,01/01/2018 12:00:00 AM
2018-19,High School,One Parent Families,One Parent Families,4192,20.80,01/01/2018 12:00:00 AM
2018-19,High School,Single Family Home,Single Family Home,12540,62.20,01/01/2018 12:00:00 AM
2018-19,Junior High School,English Primary Language,English Primary Language,6836,70.30,01/01/2018 12:00:00 AM
2018-19,Junior High School,Ethnicity,African American,507,5.20,01/01/2018 12:00:00 AM
2018-19,Junior High School,Ethnicity,Asian,94,1.00,01/01/2018 12:00:00 AM
2018-19,Junior High School,Ethnicity,Hispanic,4634,47.60,01/01/2018 12:00:00 AM
2018-19,Junior High School,Ethnicity,Multi-Ethnicity,231,2.40,01/01/2018 12:00:00 AM
2018-19,Junior High School,Ethnicity,Native American,486,5.00,01/01/2018 12:00:00 AM
2018-19,Junior High School,Ethnicity,Pacific Islander,82,0.80,01/01/2018 12:00:00 AM
2018-19,Junior High School,Ethnicity,White,3694,38.00,01/01/2018 12:00:00 AM
2018-19,Junior High School,Free or Reduced Lunch,Free or Reduced Lunch,,60.40,01/01/2018 12:00:00 AM
2018-19,Junior High School,One Parent Families,One Parent Families,2076,21.30,01/01/2018 12:00:00 AM
2018-19,Junior High School,Single Family Home,Single Family Home,5203,53.50,01/01/2018 12:00:00 AM
2019-20,Choice/Success,English Primary Language,English Primary Language,6283,85.20,01/01/2019 12:00:00 AM
2019-20,Choice/Success,Ethnicity,African American,327,4.40,01/01/2019 12:00:00 AM
2019-20,Choice/Success,Ethnicity,Asian,128,1.70,01/01/2019 12:00:00 AM
2019-20,Choice/Success,Ethnicity,Hispanic,2378,32.30,01/01/2019 12:00:00 AM
2019-20,Choice/Success,Ethnicity,Multi-Ethnicity,296,4.00,01/01/2019 12:00:00 AM
2019-20,Choice/Success,Ethnicity,Native American,201,2.70,01/01/2019 12:00:00 AM
2019-20,Choice/Success,Ethnicity,Pacific Islander,62,0.80,01/01/2019 12:00:00 AM
2019-20,Choice/Success,Ethnicity,White,3981,54.00,01/01/2019 12:00:00 AM
2019-20,Choice/Success,Free or Reduced Lunch,Free or Reduced Lunch,,36.50,01/01/2019 12:00:00 AM
2019-20,Choice/Success,One Parent Families,One Parent Families,965,13.10,01/01/2019 12:00:00 AM
2019-20,Choice/Success,Single Family Home,Single Family Home,3113,42.20,01/01/2019 12:00:00 AM
2019-20,Elementary,English Primary Language,English Primary Language,24520,75.10,01/01/2019 12:00:00 AM
2019-20,Elementary,Ethnicity,African American,1753,5.40,01/01/2019 12:00:00 AM
2019-20,Elementary,Ethnicity,Asian,266,0.80,01/01/2019 12:00:00 AM
2019-20,Elementary,Ethnicity,Hispanic,15057,46.10,01/01/2019 12:00:00 AM
2019-20,Elementary,Ethnicity,Multi-Ethnicity,1167,3.60,01/01/2019 12:00:00 AM
2019-20,Elementary,Ethnicity,Native American,1414,4.30,01/01/2019 12:00:00 AM
2019-20,Elementary,Ethnicity,Pacific Islander,251,0.80,01/01/2019 12:00:00 AM
2019-20,Elementary,Ethnicity,White,12722,39.00,01/01/2019 12:00:00 AM
2019-20,Elementary,Free or Reduced Lunch,Free or Reduced Lunch,,63.00,01/01/2019 12:00:00 AM
2019-20,Elementary,One Parent Families,One Parent Families,6265,19.20,01/01/2019 12:00:00 AM
2019-20,Elementary,Single Family Home,Single Family Home,13556,41.50,01/01/2019 12:00:00 AM
2019-20,High School,English Primary Language,English Primary Language,14119,70.60,01/01/2019 12:00:00 AM
2019-20,High School,Ethnicity,African American,1003,5.00,01/01/2019 12:00:00 AM
2019-20,High School,Ethnicity,Asian,391,2.00,01/01/2019 12:00:00 AM
2019-20,High School,Ethnicity,Hispanic,8898,44.50,01/01/2019 12:00:00 AM
2019-20,High School,Ethnicity,Multi-Ethnicity,334,1.70,01/01/2019 12:00:00 AM
2019-20,High School,Ethnicity,Native American,884,4.40,01/01/2019 12:00:00 AM
2019-20,High School,Ethnicity,Pacific Islander,81,0.40,01/01/2019 12:00:00 AM
2019-20,High School,Ethnicity,White,8396,42.00,01/01/2019 12:00:00 AM
2019-20,High School,Free or Reduced Lunch,Free or Reduced Lunch,,50.90,01/01/2019 12:00:00 AM
2019-20,High School,One Parent Families,One Parent Families,4032,20.20,01/01/2019 12:00:00 AM
2019-20,High School,Single Family Home,Single Family Home,11917,59.60,01/01/2019 12:00:00 AM
2019-20,Junior High School,English Primary Language,English Primary Language,6730,69.80,01/01/2019 12:00:00 AM
2019-20,Junior High School,Ethnicity,African American,502,5.20,01/01/2019 12:00:00 AM
2019-20,Junior High School,Ethnicity,Asian,73,0.80,01/01/2019 12:00:00 AM
2019-20,Junior High School,Ethnicity,Hispanic,4636,48.10,01/01/2019 12:00:00 AM
2019-20,Junior High School,Ethnicity,Multi-Ethnicity,245,2.50,01/01/2019 12:00:00 AM
2019-20,Junior High School,Ethnicity,Native American,513,5.30,01/01/2019 12:00:00 AM
2019-20,Junior High School,Ethnicity,Pacific Islander,79,0.80,01/01/2019 12:00:00 AM
2019-20,Junior High School,Ethnicity,White,3588,37.20,01/01/2019 12:00:00 AM
2019-20,Junior High School,Free or Reduced Lunch,Free or Reduced Lunch,,59.60,01/01/2019 12:00:00 AM
2019-20,Junior High School,One Parent Families,One Parent Families,2053,21.30,01/01/2019 12:00:00 AM
2019-20,Junior High School,Single Family Home,Single Family Home,4876,50.60,01/01/2019 12:00:00 AM
